group,feature,observations,missing_share,unique_values,p01,median,p99,skewness
Market,market_cap_usd,123791,0.0,123452,7667896.0,794253530.0,137592976224.00024,24.885794992677997
Market,average_daily_dollar_volume_63d,123791,0.0,123791,11170.923632539681,6026376.804920634,748827632.309305,36.765744158500354
Market,return_21d,123791,0.0,123791,-0.37754064284560596,0.003985897026883123,0.5183091771335755,6.789946730206229
Market,momentum_252_21d,123791,0.0,123791,-0.8195920333614978,0.0744332076443246,2.6474999055595547,12.572582958610255
Market,volatility_63d,123791,0.0,123791,0.11100340876965475,0.3619526676715903,1.9709180051644561,9.084489065610116
Market,downside_volatility_63d,123791,0.0,123791,0.06573588119728882,0.23838529376620526,1.1033083882451538,2.2680262506934437
Market,market_beta_252d,123791,0.0,123791,-0.19189504355230544,1.0205789712023323,2.5179259770182845,0.3049846219357185
Market,maximum_drawdown_252d,123791,0.0,117168,0.07142836523909599,0.3060857513396993,0.9077036721911524,0.7717607816259225
Market,negative_return_share_63d,123791,0.0,106,0.3333333333333333,0.47619047619047616,0.6349206349206349,0.027652397097179364
