report_period,strategy,stocks,one_way_turnover
2024-03-31,equal_all,4005,1.0
2024-03-31,equal_exclude_d10,3604,1.0
2024-03-31,equal_exclude_top20,3204,1.0
2024-03-31,value_all,4005,1.0
2024-03-31,value_exclude_d10,3604,1.0
2024-03-31,dfrag_10,802,2.0
2024-03-31,dfrag_20,1602,2.0
2024-06-30,equal_all,3946,0.11301314916592664
2024-06-30,equal_exclude_d10,3551,0.10594059465489691
2024-06-30,equal_exclude_top20,3156,0.1089524059951063
2024-06-30,value_all,3946,0.010569681208359338
2024-06-30,value_exclude_d10,3551,0.01067953532321763
2024-06-30,dfrag_10,790,0.7871283100731907
2024-06-30,dfrag_20,1579,0.6435954314830903
2024-09-30,equal_all,3869,0.11837559816591364
2024-09-30,equal_exclude_d10,3482,0.11963371107224134
2024-09-30,equal_exclude_top20,3095,0.12382217381079477
2024-09-30,value_all,3869,0.010203736357086907
2024-09-30,value_exclude_d10,3482,0.010499467651958153
2024-09-30,dfrag_10,774,0.8095571440833558
2024-09-30,dfrag_20,1548,0.6655227266909731
2024-12-31,equal_all,3819,0.12411318603099011
2024-12-31,equal_exclude_d10,3437,0.12248217482942057
2024-12-31,equal_exclude_top20,3055,0.11618793099368042
2024-12-31,value_all,3819,0.011299907248284943
2024-12-31,value_exclude_d10,3437,0.011681069629316643
2024-12-31,dfrag_10,764,0.8327839872149193
2024-12-31,dfrag_20,1528,0.656275102609417
2025-03-31,equal_all,3767,0.11832050759066758
2025-03-31,equal_exclude_d10,3390,0.11932131856017383
2025-03-31,equal_exclude_top20,3013,0.11620887275585734
2025-03-31,value_all,3767,0.014174142577712658
2025-03-31,value_exclude_d10,3390,0.015254992788153133
2025-03-31,dfrag_10,754,0.8781620736740525
2025-03-31,dfrag_20,1508,0.7236159597822405
2025-06-30,equal_all,3733,0.12368556576473505
2025-06-30,equal_exclude_d10,3359,0.12402881075334085
2025-06-30,equal_exclude_top20,2986,0.12515723134623324
2025-06-30,value_all,3733,0.012103461322818768
2025-06-30,value_exclude_d10,3359,0.013741048285774805
2025-06-30,dfrag_10,748,0.7823100473857267
2025-06-30,dfrag_20,1494,0.6429569105515048
2025-09-30,equal_all,3706,0.1271556590616262
2025-09-30,equal_exclude_d10,3335,0.1276604045572063
2025-09-30,equal_exclude_top20,2964,0.1262570183432639
2025-09-30,value_all,3706,0.010093862443358364
2025-09-30,value_exclude_d10,3335,0.010198041851611767
2025-09-30,dfrag_10,742,0.7373351834506743
2025-09-30,dfrag_20,1483,0.6401287677812912
2025-12-31,equal_all,3666,0.13102294683641927
2025-12-31,equal_exclude_d10,3299,0.12911500125759173
2025-12-31,equal_exclude_top20,2932,0.13047677651558112
2025-12-31,value_all,3666,0.015346852393563403
2025-12-31,value_exclude_d10,3299,0.015202055506262548
2025-12-31,dfrag_10,734,0.8651953858356138
2025-12-31,dfrag_20,1467,0.6918989565013003
2024-03-31,volatility_managed,802,2.0
2024-06-30,volatility_managed,790,2.2270998626509675
2024-09-30,volatility_managed,774,1.4303660293233178
2024-12-31,volatility_managed,764,0.9240435380661518
2025-03-31,volatility_managed,754,1.0958679702471792
2025-06-30,volatility_managed,748,1.0818637162716138
2025-09-30,volatility_managed,742,0.6854231970021085
2025-12-31,volatility_managed,734,1.0125256187387863
