cost_bps,strategy,trading_days,cumulative_return,annualized_return,annualized_volatility,sharpe_ratio,maximum_drawdown,downside_volatility
10,equal_all,502,0.15956818705056874,0.07715010028016245,0.20370436914579867,0.2343624666799438,0.2650929968491217,0.14143728171158135
10,equal_exclude_d10,502,0.29221645491467396,0.13733765206473336,0.1951943097708782,0.5145189116904756,0.24124267647404496,0.13290311623235482
10,dfrag_10,502,1.397138775513484,0.5509683999391144,0.34617627491171826,1.4408354027597008,0.4146524648982286,0.21899446659493021
10,dfrag_20,502,0.3344520978895087,0.15584900087672193,0.2960427817251178,0.6362689279207885,0.42542915517600355,0.1892887805245218
10,volatility_managed,502,0.6233388737208876,0.27533340733997,0.17320236945406386,1.4910622013019064,0.21279752563822008,0.10842463835248875
25,equal_all,502,0.15634162303381172,0.075644470254284,0.20370621854145324,0.22749364658028284,0.2652298313064788,0.14146548220655947
25,equal_exclude_d10,502,0.2886353012860714,0.13575431298239415,0.19520997768878504,0.5073532016391616,0.24138209492104978,0.13294595346684712
25,dfrag_10,502,1.3694532783646807,0.5419503356307185,0.34631067503255214,1.423550379637167,0.41611611406526827,0.21938451784055796
25,dfrag_20,502,0.3210999109228916,0.1500288605686697,0.2961506592275205,0.6190933901730237,0.42661628558428344,0.18960605740273404
25,volatility_managed,502,0.5978527705734089,0.2652426751463579,0.17363264116821817,1.4420178461353983,0.21545688609320002,0.1092599357738422
50,equal_all,502,0.15097756399771733,0.07313677080689818,0.2037229180768959,0.21603144933405655,0.26545788873540643,0.14152339559856236
50,equal_exclude_d10,502,0.2826816410796742,0.1331171575265231,0.19525018276139888,0.4953771517091293,0.24161445899938994,0.13303699362557597
50,dfrag_10,502,1.323915457425553,0.527002277789328,0.34659643128237677,1.394523284148888,0.418551475237839,0.22010308780173687
50,dfrag_20,502,0.29909499531863304,0.14037275042762998,0.2963899822182067,0.5903766880847956,0.4285921196260234,0.19021062147445916
50,volatility_managed,502,0.5562108691998682,0.24858130685582558,0.17443377352346365,1.3601597751928465,0.21987052358422166,0.11076442953987731
