decile,observations,mean_prediction,mean_actual,report_period,target
1,401,0.15308309,0.14589320057097108,2024-03-31,future_downside_volatility_63d
2,400,0.18264614,0.19239361001634186,2024-03-31,future_downside_volatility_63d
3,401,0.20791881,0.22048067281836034,2024-03-31,future_downside_volatility_63d
4,400,0.2380792,0.25450418779723044,2024-03-31,future_downside_volatility_63d
5,400,0.2762942,0.29958837416806117,2024-03-31,future_downside_volatility_63d
6,401,0.33170766,0.3449074556523149,2024-03-31,future_downside_volatility_63d
7,400,0.40097383,0.4307663996849231,2024-03-31,future_downside_volatility_63d
8,401,0.48025718,0.5435521757695014,2024-03-31,future_downside_volatility_63d
9,400,0.59048235,0.6470664468722949,2024-03-31,future_downside_volatility_63d
10,401,0.8767695,0.953397368662121,2024-03-31,future_downside_volatility_63d
1,395,0.15316486,0.1318990228878379,2024-06-30,future_downside_volatility_63d
2,394,0.18479487,0.16523644541017668,2024-06-30,future_downside_volatility_63d
3,395,0.21134076,0.1929384072027371,2024-06-30,future_downside_volatility_63d
4,394,0.24265547,0.22254478961782806,2024-06-30,future_downside_volatility_63d
5,395,0.28408882,0.2527398303988899,2024-06-30,future_downside_volatility_63d
6,394,0.3375981,0.3147752987079769,2024-06-30,future_downside_volatility_63d
7,395,0.40211412,0.3872995732325272,2024-06-30,future_downside_volatility_63d
8,394,0.48233125,0.4526764531076447,2024-06-30,future_downside_volatility_63d
9,395,0.6049682,0.5991248738697951,2024-06-30,future_downside_volatility_63d
10,395,0.9118395,0.8877536614485131,2024-06-30,future_downside_volatility_63d
1,387,0.15440373,0.16060555577105246,2024-09-30,future_downside_volatility_63d
2,387,0.18524963,0.18328168994722657,2024-09-30,future_downside_volatility_63d
3,387,0.21218388,0.20756796106876518,2024-09-30,future_downside_volatility_63d
4,387,0.2383023,0.23489799538391287,2024-09-30,future_downside_volatility_63d
5,386,0.2749854,0.2912398758870044,2024-09-30,future_downside_volatility_63d
6,387,0.32779402,0.33332759077028573,2024-09-30,future_downside_volatility_63d
7,387,0.38560975,0.42139243911305946,2024-09-30,future_downside_volatility_63d
8,387,0.46353444,0.510417511588092,2024-09-30,future_downside_volatility_63d
9,387,0.5753476,0.6707375606106016,2024-09-30,future_downside_volatility_63d
10,387,0.86978906,0.9707773626741956,2024-09-30,future_downside_volatility_63d
1,382,0.15690179,0.22247576105508857,2024-12-31,future_downside_volatility_63d
2,382,0.18454699,0.2763539929690453,2024-12-31,future_downside_volatility_63d
3,382,0.20737782,0.28959979823271953,2024-12-31,future_downside_volatility_63d
4,382,0.23389636,0.3397703956838625,2024-12-31,future_downside_volatility_63d
5,381,0.27470377,0.38877849116091745,2024-12-31,future_downside_volatility_63d
6,382,0.32461128,0.4453073551574389,2024-12-31,future_downside_volatility_63d
7,382,0.3901384,0.520162459251734,2024-12-31,future_downside_volatility_63d
8,382,0.48053315,0.6105247827062652,2024-12-31,future_downside_volatility_63d
9,382,0.6003169,0.7003140357075098,2024-12-31,future_downside_volatility_63d
10,382,0.8896745,1.029565702800947,2024-12-31,future_downside_volatility_63d
1,377,0.18054478,0.15079245744835856,2025-03-31,future_downside_volatility_63d
2,377,0.22314271,0.19039616624913658,2025-03-31,future_downside_volatility_63d
3,376,0.25352648,0.20683612609225618,2025-03-31,future_downside_volatility_63d
4,377,0.2878464,0.23870139138682062,2025-03-31,future_downside_volatility_63d
5,376,0.3307586,0.2806195184306758,2025-03-31,future_downside_volatility_63d
6,377,0.3826465,0.32225938383637937,2025-03-31,future_downside_volatility_63d
7,377,0.440814,0.41010836325724875,2025-03-31,future_downside_volatility_63d
8,376,0.5100905,0.47650869368760135,2025-03-31,future_downside_volatility_63d
9,377,0.6145742,0.6113760164835405,2025-03-31,future_downside_volatility_63d
10,377,0.88327,0.849259425979,2025-03-31,future_downside_volatility_63d
1,374,0.16142246,0.14548848330537234,2025-06-30,future_downside_volatility_63d
2,373,0.19112195,0.18002383494732566,2025-06-30,future_downside_volatility_63d
3,373,0.2155045,0.2110239453807308,2025-06-30,future_downside_volatility_63d
4,373,0.24639568,0.2437537441193824,2025-06-30,future_downside_volatility_63d
5,373,0.28817245,0.285383547231208,2025-06-30,future_downside_volatility_63d
6,374,0.33949828,0.32813110442557025,2025-06-30,future_downside_volatility_63d
7,373,0.40028873,0.3976756323068501,2025-06-30,future_downside_volatility_63d
8,373,0.47505355,0.5015028531877389,2025-06-30,future_downside_volatility_63d
9,373,0.5696065,0.596121344251082,2025-06-30,future_downside_volatility_63d
10,374,0.82918,0.8655370782991569,2025-06-30,future_downside_volatility_63d
1,371,0.15743117,0.15400157691258987,2025-09-30,future_downside_volatility_63d
2,370,0.18768504,0.18095028763833412,2025-09-30,future_downside_volatility_63d
3,371,0.2117106,0.20067624675809273,2025-09-30,future_downside_volatility_63d
4,370,0.2444235,0.24364285606045977,2025-09-30,future_downside_volatility_63d
5,371,0.28948173,0.29083466247432227,2025-09-30,future_downside_volatility_63d
6,370,0.34310922,0.3484454396682086,2025-09-30,future_downside_volatility_63d
7,371,0.40384313,0.4136512037070585,2025-09-30,future_downside_volatility_63d
8,370,0.4795981,0.5093194744379611,2025-09-30,future_downside_volatility_63d
9,371,0.58253247,0.6208519162329542,2025-09-30,future_downside_volatility_63d
10,371,0.8397933,0.9336296558543008,2025-09-30,future_downside_volatility_63d
1,367,0.15957138,0.1679480675908465,2025-12-31,future_downside_volatility_63d
2,366,0.18557806,0.2080446673824682,2025-12-31,future_downside_volatility_63d
3,367,0.20902267,0.24413295331827872,2025-12-31,future_downside_volatility_63d
4,366,0.24490681,0.2918234891473943,2025-12-31,future_downside_volatility_63d
5,367,0.2914758,0.34969004617058064,2025-12-31,future_downside_volatility_63d
6,366,0.34012252,0.4036254892737891,2025-12-31,future_downside_volatility_63d
7,367,0.40424213,0.4548840906276737,2025-12-31,future_downside_volatility_63d
8,366,0.47538108,0.5481249414367969,2025-12-31,future_downside_volatility_63d
9,367,0.5776137,0.6282446440185463,2025-12-31,future_downside_volatility_63d
10,367,0.8975945,0.8969146014677208,2025-12-31,future_downside_volatility_63d
1,400,0.064985245,0.06601254378749115,2024-03-31,future_worst_five_day_loss_63d
2,400,0.07773564,0.08931170268819427,2024-03-31,future_worst_five_day_loss_63d
3,399,0.08768901,0.09904671928302242,2024-03-31,future_worst_five_day_loss_63d
4,400,0.09983417,0.1207895823609935,2024-03-31,future_worst_five_day_loss_63d
5,399,0.11526527,0.1369769448822897,2024-03-31,future_worst_five_day_loss_63d
6,400,0.13699049,0.15296687264271402,2024-03-31,future_worst_five_day_loss_63d
7,400,0.16330816,0.1831437651696517,2024-03-31,future_worst_five_day_loss_63d
8,399,0.19369718,0.2260490990840732,2024-03-31,future_worst_five_day_loss_63d
9,400,0.23251222,0.26717834528292955,2024-03-31,future_worst_five_day_loss_63d
10,400,0.3217742,0.3634499571995904,2024-03-31,future_worst_five_day_loss_63d
1,394,0.0649465,0.05284840934321302,2024-06-30,future_worst_five_day_loss_63d
2,394,0.07775985,0.06549942724668804,2024-06-30,future_worst_five_day_loss_63d
3,394,0.089084975,0.07753942932578312,2024-06-30,future_worst_five_day_loss_63d
4,393,0.10222937,0.09132027747700658,2024-06-30,future_worst_five_day_loss_63d
5,394,0.118278414,0.10671057559702674,2024-06-30,future_worst_five_day_loss_63d
6,394,0.14038745,0.12518971867263226,2024-06-30,future_worst_five_day_loss_63d
7,393,0.16448116,0.15223877047371825,2024-06-30,future_worst_five_day_loss_63d
8,394,0.19486283,0.18030475148940486,2024-06-30,future_worst_five_day_loss_63d
9,394,0.23811767,0.22310450378571878,2024-06-30,future_worst_five_day_loss_63d
10,394,0.333326,0.32676127335220145,2024-06-30,future_worst_five_day_loss_63d
1,387,0.06631234,0.06621668500819124,2024-09-30,future_worst_five_day_loss_63d
2,387,0.078501545,0.0803049481488614,2024-09-30,future_worst_five_day_loss_63d
3,386,0.08956417,0.09206249883934235,2024-09-30,future_worst_five_day_loss_63d
4,387,0.10017081,0.09834575080927549,2024-09-30,future_worst_five_day_loss_63d
5,386,0.11509714,0.11926623426798848,2024-09-30,future_worst_five_day_loss_63d
6,387,0.13606355,0.14264274267383076,2024-09-30,future_worst_five_day_loss_63d
7,387,0.15795383,0.16489068788290073,2024-09-30,future_worst_five_day_loss_63d
8,386,0.18691924,0.2086579910358628,2024-09-30,future_worst_five_day_loss_63d
9,387,0.22714782,0.26829633007709736,2024-09-30,future_worst_five_day_loss_63d
10,387,0.31851578,0.36742683714183455,2024-09-30,future_worst_five_day_loss_63d
1,382,0.06680149,0.10718345460360007,2024-12-31,future_worst_five_day_loss_63d
2,381,0.07790915,0.1266989531933628,2024-12-31,future_worst_five_day_loss_63d
3,381,0.08746483,0.13194752885219205,2024-12-31,future_worst_five_day_loss_63d
4,382,0.0984251,0.15033433672362034,2024-12-31,future_worst_five_day_loss_63d
5,381,0.11510023,0.1665598001805629,2024-12-31,future_worst_five_day_loss_63d
6,381,0.13502699,0.18847345803258392,2024-12-31,future_worst_five_day_loss_63d
7,382,0.15863135,0.21201644322400742,2024-12-31,future_worst_five_day_loss_63d
8,381,0.19232942,0.24800424220832426,2024-12-31,future_worst_five_day_loss_63d
9,381,0.23513044,0.2787185720662366,2024-12-31,future_worst_five_day_loss_63d
10,382,0.32227275,0.38269435159648046,2024-12-31,future_worst_five_day_loss_63d
1,377,0.07582202,0.06153807177638961,2025-03-31,future_worst_five_day_loss_63d
2,376,0.0939114,0.07801272671600436,2025-03-31,future_worst_five_day_loss_63d
3,376,0.106954046,0.08387482749304674,2025-03-31,future_worst_five_day_loss_63d
4,376,0.12053714,0.09693139479504426,2025-03-31,future_worst_five_day_loss_63d
5,376,0.13609771,0.11551508158036572,2025-03-31,future_worst_five_day_loss_63d
6,376,0.15482336,0.1317138570815769,2025-03-31,future_worst_five_day_loss_63d
7,376,0.17703201,0.1633595843147456,2025-03-31,future_worst_five_day_loss_63d
8,376,0.2043544,0.19513172801693152,2025-03-31,future_worst_five_day_loss_63d
9,376,0.24061754,0.2385719696252484,2025-03-31,future_worst_five_day_loss_63d
10,377,0.32453975,0.3250039198652693,2025-03-31,future_worst_five_day_loss_63d
1,373,0.069176935,0.06238268555121313,2025-06-30,future_worst_five_day_loss_63d
2,373,0.082089804,0.07240255529799278,2025-06-30,future_worst_five_day_loss_63d
3,372,0.09205849,0.08242642128243421,2025-06-30,future_worst_five_day_loss_63d
4,373,0.10496749,0.10086192818725317,2025-06-30,future_worst_five_day_loss_63d
5,372,0.12132257,0.11651656405797296,2025-06-30,future_worst_five_day_loss_63d
6,373,0.14131646,0.1317065165681735,2025-06-30,future_worst_five_day_loss_63d
7,373,0.1637101,0.16127073817185653,2025-06-30,future_worst_five_day_loss_63d
8,372,0.19282903,0.19713133085939286,2025-06-30,future_worst_five_day_loss_63d
9,373,0.22624372,0.23945798459916826,2025-06-30,future_worst_five_day_loss_63d
10,373,0.30932412,0.33174855624445987,2025-06-30,future_worst_five_day_loss_63d
1,371,0.067653336,0.062399357652935424,2025-09-30,future_worst_five_day_loss_63d
2,370,0.080616556,0.07039982439247389,2025-09-30,future_worst_five_day_loss_63d
3,370,0.090717316,0.07940531358320019,2025-09-30,future_worst_five_day_loss_63d
4,370,0.10450873,0.09910590202435794,2025-09-30,future_worst_five_day_loss_63d
5,370,0.122328214,0.11902460184124579,2025-09-30,future_worst_five_day_loss_63d
6,371,0.1433183,0.136163213355043,2025-09-30,future_worst_five_day_loss_63d
7,370,0.16627954,0.16517456402420733,2025-09-30,future_worst_five_day_loss_63d
8,370,0.19521433,0.2086576221379916,2025-09-30,future_worst_five_day_loss_63d
9,370,0.23285285,0.24870036957924235,2025-09-30,future_worst_five_day_loss_63d
10,371,0.31515303,0.349163610423142,2025-09-30,future_worst_five_day_loss_63d
1,367,0.06837852,0.06604212129280049,2025-12-31,future_worst_five_day_loss_63d
2,366,0.07912787,0.08242996669356455,2025-12-31,future_worst_five_day_loss_63d
3,366,0.08917456,0.09996422429777657,2025-12-31,future_worst_five_day_loss_63d
4,367,0.10392224,0.12150715557838868,2025-12-31,future_worst_five_day_loss_63d
5,366,0.12335206,0.14317604713150828,2025-12-31,future_worst_five_day_loss_63d
6,366,0.14196579,0.16746904201438834,2025-12-31,future_worst_five_day_loss_63d
7,367,0.16566531,0.1806615916971135,2025-12-31,future_worst_five_day_loss_63d
8,366,0.19289769,0.21542922597307915,2025-12-31,future_worst_five_day_loss_63d
9,366,0.23046325,0.24361983516488658,2025-12-31,future_worst_five_day_loss_63d
10,367,0.32796192,0.3334210913551303,2025-12-31,future_worst_five_day_loss_63d
1,401,0.053985387,0.05254219749014554,2024-03-31,future_max_drawdown_21d
2,400,0.06750371,0.07226337392274602,2024-03-31,future_max_drawdown_21d
3,401,0.07549831,0.08096984976070638,2024-03-31,future_max_drawdown_21d
4,400,0.08559764,0.09605748993130642,2024-03-31,future_max_drawdown_21d
5,400,0.09927858,0.1060123256488193,2024-03-31,future_max_drawdown_21d
6,401,0.119777024,0.12583782643780608,2024-03-31,future_max_drawdown_21d
7,400,0.14441438,0.14563545517853954,2024-03-31,future_max_drawdown_21d
8,401,0.17511751,0.18369034229157566,2024-03-31,future_max_drawdown_21d
9,400,0.21571416,0.2239058319348512,2024-03-31,future_max_drawdown_21d
10,401,0.30073956,0.3211746458730618,2024-03-31,future_max_drawdown_21d
1,395,0.054623503,0.03604618202491846,2024-06-30,future_max_drawdown_21d
2,394,0.06716469,0.05502328285605008,2024-06-30,future_max_drawdown_21d
3,395,0.07582439,0.06694980948753738,2024-06-30,future_max_drawdown_21d
4,394,0.087386675,0.08134772631894144,2024-06-30,future_max_drawdown_21d
5,395,0.10157974,0.10312868203621325,2024-06-30,future_max_drawdown_21d
6,394,0.12118358,0.11413897904237455,2024-06-30,future_max_drawdown_21d
7,395,0.14331071,0.1387190860238038,2024-06-30,future_max_drawdown_21d
8,394,0.17279944,0.17088818851374937,2024-06-30,future_max_drawdown_21d
9,395,0.21562095,0.2123297751836195,2024-06-30,future_max_drawdown_21d
10,395,0.30469248,0.3025079271253075,2024-06-30,future_max_drawdown_21d
1,387,0.05606485,0.05067503049294191,2024-09-30,future_max_drawdown_21d
2,387,0.06788697,0.058448888408176664,2024-09-30,future_max_drawdown_21d
3,387,0.07605132,0.0653960034512308,2024-09-30,future_max_drawdown_21d
4,387,0.085495174,0.07016325665378433,2024-09-30,future_max_drawdown_21d
5,386,0.09875173,0.08901731054553343,2024-09-30,future_max_drawdown_21d
6,387,0.11787637,0.10885100085890725,2024-09-30,future_max_drawdown_21d
7,387,0.13866158,0.1320225020980482,2024-09-30,future_max_drawdown_21d
8,387,0.1663628,0.18107943742964802,2024-09-30,future_max_drawdown_21d
9,387,0.20897557,0.2180638362298594,2024-09-30,future_max_drawdown_21d
10,387,0.29821122,0.30103751034655934,2024-09-30,future_max_drawdown_21d
1,382,0.058298253,0.08450236127419647,2024-12-31,future_max_drawdown_21d
2,382,0.068044156,0.11200905729997528,2024-12-31,future_max_drawdown_21d
3,382,0.07529396,0.1219352738097303,2024-12-31,future_max_drawdown_21d
4,381,0.08534311,0.14818608129701924,2024-12-31,future_max_drawdown_21d
5,382,0.09924772,0.17549945649190424,2024-12-31,future_max_drawdown_21d
6,382,0.11785615,0.2029793105208619,2024-12-31,future_max_drawdown_21d
7,381,0.14040232,0.22601717018635692,2024-12-31,future_max_drawdown_21d
8,382,0.17383963,0.2667553225482989,2024-12-31,future_max_drawdown_21d
9,382,0.21959622,0.2979260387860644,2024-12-31,future_max_drawdown_21d
10,382,0.3007071,0.39924307865348313,2024-12-31,future_max_drawdown_21d
1,377,0.06576233,0.048704718631981524,2025-03-31,future_max_drawdown_21d
2,377,0.082115054,0.06325039577722219,2025-03-31,future_max_drawdown_21d
3,376,0.093097396,0.0684487520990072,2025-03-31,future_max_drawdown_21d
4,377,0.10672537,0.07859359095961789,2025-03-31,future_max_drawdown_21d
5,376,0.122250974,0.09090080559260347,2025-03-31,future_max_drawdown_21d
6,377,0.13953587,0.10995398509010887,2025-03-31,future_max_drawdown_21d
7,377,0.1622882,0.12141306490512258,2025-03-31,future_max_drawdown_21d
8,376,0.19017622,0.1506830695736791,2025-03-31,future_max_drawdown_21d
9,377,0.23165302,0.1896276047289209,2025-03-31,future_max_drawdown_21d
10,377,0.3064095,0.2788371386719019,2025-03-31,future_max_drawdown_21d
1,374,0.06176147,0.04269147931967435,2025-06-30,future_max_drawdown_21d
2,373,0.07235908,0.04556634402918665,2025-06-30,future_max_drawdown_21d
3,373,0.08035921,0.05077207499703173,2025-06-30,future_max_drawdown_21d
4,373,0.09074486,0.06230315540652169,2025-06-30,future_max_drawdown_21d
5,373,0.10577006,0.07438728055290428,2025-06-30,future_max_drawdown_21d
6,374,0.124634616,0.08865375696490232,2025-06-30,future_max_drawdown_21d
7,373,0.14546166,0.11105194576687825,2025-06-30,future_max_drawdown_21d
8,373,0.17359678,0.1388271316451042,2025-06-30,future_max_drawdown_21d
9,373,0.20906484,0.17111002992234575,2025-06-30,future_max_drawdown_21d
10,374,0.28744918,0.2653495217629592,2025-06-30,future_max_drawdown_21d
1,371,0.06019016,0.04904486917685024,2025-09-30,future_max_drawdown_21d
2,370,0.07166979,0.04997566612298245,2025-09-30,future_max_drawdown_21d
3,371,0.07965489,0.058348156540821684,2025-09-30,future_max_drawdown_21d
4,370,0.09041983,0.0667316654839995,2025-09-30,future_max_drawdown_21d
5,371,0.10643436,0.08118485415458913,2025-09-30,future_max_drawdown_21d
6,370,0.12537332,0.10172154647041137,2025-09-30,future_max_drawdown_21d
7,371,0.1461159,0.12401646129584346,2025-09-30,future_max_drawdown_21d
8,370,0.1727318,0.15948073652790962,2025-09-30,future_max_drawdown_21d
9,371,0.20894186,0.20528313170192602,2025-09-30,future_max_drawdown_21d
10,371,0.28711605,0.298536730542741,2025-09-30,future_max_drawdown_21d
1,367,0.060766198,0.0811461805839901,2025-12-31,future_max_drawdown_21d
2,366,0.07024477,0.11003615391248432,2025-12-31,future_max_drawdown_21d
3,367,0.07833733,0.12063293483072603,2025-12-31,future_max_drawdown_21d
4,366,0.08990581,0.13493726960638278,2025-12-31,future_max_drawdown_21d
5,366,0.10656905,0.14542648732425792,2025-12-31,future_max_drawdown_21d
6,367,0.12386277,0.16508872206042624,2025-12-31,future_max_drawdown_21d
7,366,0.1448008,0.17931190122229668,2025-12-31,future_max_drawdown_21d
8,367,0.17158194,0.19271151971520536,2025-12-31,future_max_drawdown_21d
9,366,0.20839319,0.20961144069257892,2025-12-31,future_max_drawdown_21d
10,367,0.30021492,0.2813762329636119,2025-12-31,future_max_drawdown_21d
1,401,0.14645274,0.11253847156930388,2024-03-31,future_max_drawdown_126d
2,400,0.1784616,0.13999329386260911,2024-03-31,future_max_drawdown_126d
3,400,0.19898306,0.16594508617905446,2024-03-31,future_max_drawdown_126d
4,400,0.22301307,0.2041813775879225,2024-03-31,future_max_drawdown_126d
5,400,0.25598755,0.23624849455094574,2024-03-31,future_max_drawdown_126d
6,400,0.30238074,0.2883662288663916,2024-03-31,future_max_drawdown_126d
7,400,0.35743156,0.3388757860960685,2024-03-31,future_max_drawdown_126d
8,400,0.4209463,0.4206976757258263,2024-03-31,future_max_drawdown_126d
9,400,0.494989,0.5137832702754467,2024-03-31,future_max_drawdown_126d
10,401,0.6292352,0.6785894665478837,2024-03-31,future_max_drawdown_126d
1,394,0.14791603,0.14317569543747521,2024-06-30,future_max_drawdown_126d
2,393,0.17777087,0.1676087142377513,2024-06-30,future_max_drawdown_126d
3,393,0.20179562,0.18413147161118426,2024-06-30,future_max_drawdown_126d
4,394,0.22867887,0.207810670354975,2024-06-30,future_max_drawdown_126d
5,393,0.26298693,0.23185963736491572,2024-06-30,future_max_drawdown_126d
6,393,0.30880675,0.2835295039669115,2024-06-30,future_max_drawdown_126d
7,394,0.36297777,0.34237858602279386,2024-06-30,future_max_drawdown_126d
8,393,0.42684704,0.4167099866137458,2024-06-30,future_max_drawdown_126d
9,393,0.5082437,0.5102230784813057,2024-06-30,future_max_drawdown_126d
10,394,0.6456178,0.650680226950579,2024-06-30,future_max_drawdown_126d
1,387,0.14690249,0.1772358803817311,2024-09-30,future_max_drawdown_126d
2,386,0.17836072,0.2500242843799014,2024-09-30,future_max_drawdown_126d
3,387,0.20246696,0.28113058974287397,2024-09-30,future_max_drawdown_126d
4,386,0.22402641,0.31742940513826334,2024-09-30,future_max_drawdown_126d
5,387,0.2548089,0.35905231616325006,2024-09-30,future_max_drawdown_126d
6,386,0.29807755,0.42294503960319985,2024-09-30,future_max_drawdown_126d
7,387,0.34677634,0.4669576489316964,2024-09-30,future_max_drawdown_126d
8,386,0.40763223,0.5173486270559512,2024-09-30,future_max_drawdown_126d
9,387,0.48614302,0.6019497856764063,2024-09-30,future_max_drawdown_126d
10,387,0.6256387,0.7230191411063678,2024-09-30,future_max_drawdown_126d
1,382,0.151521,0.16663256376133972,2024-12-31,future_max_drawdown_126d
2,381,0.178628,0.22091147595888086,2024-12-31,future_max_drawdown_126d
3,382,0.19795968,0.231680753197395,2024-12-31,future_max_drawdown_126d
4,381,0.22152449,0.27413948623110385,2024-12-31,future_max_drawdown_126d
5,381,0.2556406,0.3093772532789404,2024-12-31,future_max_drawdown_126d
6,382,0.29549134,0.35858155794052926,2024-12-31,future_max_drawdown_126d
7,381,0.34914315,0.40244953098666597,2024-12-31,future_max_drawdown_126d
8,382,0.41764957,0.4648732763086472,2024-12-31,future_max_drawdown_126d
9,381,0.49872032,0.5261281539294484,2024-12-31,future_max_drawdown_126d
10,382,0.6277706,0.6663972181927464,2024-12-31,future_max_drawdown_126d
1,377,0.1708203,0.13918104591984726,2025-03-31,future_max_drawdown_126d
2,376,0.21018292,0.16889937981210293,2025-03-31,future_max_drawdown_126d
3,377,0.23828629,0.17461023044441706,2025-03-31,future_max_drawdown_126d
4,376,0.2644756,0.2016172233700466,2025-03-31,future_max_drawdown_126d
5,377,0.2956151,0.24275870753119372,2025-03-31,future_max_drawdown_126d
6,376,0.3376822,0.27323844031541883,2025-03-31,future_max_drawdown_126d
7,377,0.3860849,0.3298790559915374,2025-03-31,future_max_drawdown_126d
8,376,0.4399035,0.3930044484817848,2025-03-31,future_max_drawdown_126d
9,377,0.50854665,0.4699310527518343,2025-03-31,future_max_drawdown_126d
10,377,0.63431555,0.6076861591964933,2025-03-31,future_max_drawdown_126d
1,373,0.15707667,0.13794625687657824,2025-06-30,future_max_drawdown_126d
2,373,0.1861935,0.16522117061580172,2025-06-30,future_max_drawdown_126d
3,373,0.20552854,0.18529035241627598,2025-06-30,future_max_drawdown_126d
4,373,0.23033144,0.21663118864104333,2025-06-30,future_max_drawdown_126d
5,373,0.26508966,0.261574572953222,2025-06-30,future_max_drawdown_126d
6,373,0.30570263,0.3059092025085652,2025-06-30,future_max_drawdown_126d
7,373,0.35688123,0.36319563643862934,2025-06-30,future_max_drawdown_126d
8,373,0.41945213,0.43562137500909515,2025-06-30,future_max_drawdown_126d
9,373,0.485601,0.5399757083776681,2025-06-30,future_max_drawdown_126d
10,373,0.6112174,0.7023226843954102,2025-06-30,future_max_drawdown_126d
1,371,0.15415198,0.15513326139082917,2025-09-30,future_max_drawdown_126d
2,370,0.18361314,0.18372320281817428,2025-09-30,future_max_drawdown_126d
3,371,0.20361605,0.1934073102610428,2025-09-30,future_max_drawdown_126d
4,370,0.2302423,0.2413151910942778,2025-09-30,future_max_drawdown_126d
5,371,0.2682501,0.2906799307077079,2025-09-30,future_max_drawdown_126d
6,370,0.3121091,0.3192730786718386,2025-09-30,future_max_drawdown_126d
7,371,0.36387464,0.37041396338753707,2025-09-30,future_max_drawdown_126d
8,370,0.427141,0.43983654466780714,2025-09-30,future_max_drawdown_126d
9,371,0.49961233,0.5150587896851324,2025-09-30,future_max_drawdown_126d
10,371,0.6215948,0.677581477115116,2025-09-30,future_max_drawdown_126d
