boosting_round,training_mae,validation_mae
1,0.11128690292287806,0.13166008085395545
2,0.10936575441292978,0.12890072413559098
3,0.10772032123239444,0.12657600218300535
4,0.10607173129717695,0.1241710557954491
5,0.10459581121677503,0.1220864203202803
6,0.10327671545441419,0.12021708213217103
7,0.10197580901148007,0.1183171912203877
8,0.10077569007328484,0.1166915822218061
9,0.09972472480658645,0.11524987994580518
10,0.0986796419840133,0.11375352592058435
11,0.09774127096262016,0.1124503476454201
12,0.0968644277584596,0.11120284017842869
13,0.09603608244576432,0.11016571914822541
14,0.09532832143075683,0.10912371459114294
15,0.09463809806146609,0.10815889555356643
16,0.09398794046935427,0.10733534050795733
17,0.09339319762704093,0.1065677890772453
18,0.09285547619877692,0.10585617725628954
19,0.09234019832060264,0.10519436720434237
20,0.09187241346741803,0.10455332136089789
21,0.09144147635480047,0.10394174889405004
22,0.09103305536499989,0.10342338995957642
23,0.09065261181921541,0.10293491220765888
24,0.0903069645898509,0.10248326475665961
25,0.08998739074116457,0.10199747044081113
26,0.08967328684036767,0.10157417263151186
27,0.08938175516614859,0.10120526890811103
28,0.0891077724967558,0.10086254076374052
29,0.08885655883555238,0.1004834883737402
30,0.08862995333769352,0.10016600277161017
31,0.08841253578633501,0.09990736538864474
32,0.08819872529281672,0.09962453832943882
33,0.0879993943577572,0.09942136286936028
34,0.08782252663005773,0.09917119362948519
35,0.08764104686910439,0.09892333318051996
36,0.08748021842517391,0.09869314283598904
37,0.08733274978700235,0.09848375097812245
38,0.08721350063451916,0.09835972539393056
39,0.08707624508474211,0.0981915877054615
40,0.08695044283726391,0.09799905021788134
41,0.08683180967107569,0.097837057105544
42,0.08672138255287626,0.0977171316558864
43,0.0866095255925694,0.09756696146174108
44,0.08651898898543434,0.09740913043349986
45,0.08641411225486444,0.09729749458729278
46,0.0863177471352545,0.09716761305861538
47,0.08620681483090445,0.09706476380325717
48,0.08610224925658273,0.09694716550042731
49,0.08601689731523138,0.09685487488879178
50,0.0859340651050346,0.09677541233498393
51,0.08584657997625883,0.09667716795213291
52,0.08576406719967652,0.09660915663293608
53,0.08570102335772513,0.09653233936381686
54,0.08564004148726126,0.09645617084154202
55,0.08557361642246947,0.09641226165138034
56,0.08550420512235016,0.09634619718336039
57,0.08544189469418402,0.09631334322403531
58,0.0853963846161133,0.09626660884709883
59,0.0853426436765226,0.09619166520004847
60,0.08529373461314109,0.09616620656890677
61,0.08523402157767837,0.09613892007574011
62,0.08518700881143476,0.09610745244228108
63,0.08513224037673742,0.09603466868860908
64,0.08509770643627093,0.09597087571070727
65,0.08505077161641006,0.09595233492146055
66,0.0850041338414672,0.09593318562555006
67,0.08497231942280443,0.09588113784835671
68,0.08494320719865545,0.0958426697499351
69,0.08490109136693962,0.09578427558681825
70,0.08485922993378187,0.09574358438029193
71,0.08482102817109151,0.0957228797761833
72,0.08478192010206678,0.09570742947891754
73,0.08474496742472057,0.0956724974265236
74,0.0847177280119586,0.09565010128450263
75,0.0846883019701024,0.09562566279783305
76,0.084653126409765,0.09560560618788866
77,0.0846237801570901,0.09557108601274665
78,0.084600833801387,0.09555401338878876
79,0.08457818167500457,0.09554958892144992
80,0.084545384204742,0.09554704941790623
81,0.0845160249303582,0.09554050671434897
82,0.08448587711002335,0.09551230395747569
83,0.08445889439982927,0.09548085419465394
84,0.08443354080147526,0.0954612048307973
85,0.08441298897803028,0.09544736946881448
86,0.08438737875787904,0.09543027484839385
87,0.08436000124533669,0.09540028521709112
88,0.08433568476294469,0.09536543150147457
89,0.08431732805519955,0.09534384160210939
90,0.08429821549507786,0.09535484677532918
91,0.08427378944092344,0.09534729646223221
92,0.08425096657619681,0.09533708097057401
93,0.08423135345214815,0.0952738269413614
94,0.08420892339361534,0.09527129738299892
95,0.08419072267996013,0.09524575089525568
96,0.08417501710643878,0.09518358080968439
97,0.08415955317621344,0.09517301446553242
98,0.08413430495914802,0.09514566819572279
99,0.0841198927516724,0.09515541045378549
100,0.08410158284061647,0.09515200424545754
101,0.08408766289027024,0.09513027797898019
102,0.08407545105436445,0.09513811086291823
103,0.08405279897023314,0.0950494912718891
104,0.08403123185319518,0.09498623251046964
105,0.08401911844050573,0.09496570648937647
106,0.0840021675958866,0.09488132004841093
107,0.08398607906862551,0.09488723347389007
108,0.08397623174207094,0.09487942050287979
109,0.08396136441360662,0.09487982825004392
110,0.08395224735033066,0.09487292112932783
111,0.08393917780692212,0.09485728595418855
112,0.08392701551655575,0.0948375127039953
113,0.08391590404014897,0.09482018070325289
114,0.0838977403711806,0.09479925535475843
115,0.08388723485897828,0.09477919911626495
116,0.08387068058415215,0.09477348625371608
117,0.0838578134140071,0.0947574916420945
118,0.08383844976192835,0.09474869710610755
119,0.08382392708067117,0.0947355660623064
120,0.08380135364024653,0.09473546670226017
121,0.08378773900056852,0.09470851642080529
122,0.08377587104454874,0.09470459724943055
123,0.08375744785238956,0.09469173825762765
124,0.0837405579209057,0.09464658009256179
125,0.0837262080368317,0.09463490148248302
126,0.0837145811974737,0.09462378395244686
127,0.0837067979605296,0.09464374534948218
128,0.08370090608125524,0.09463451410055677
129,0.08368548682839246,0.09463716674970155
130,0.08366679911088983,0.09460041091484912
131,0.08365297196096128,0.09458562552097516
132,0.08364252919756067,0.09458710112944817
133,0.08363286284143243,0.09458514339675299
134,0.08362155076158424,0.09456127086825551
135,0.08361302879561065,0.09452513354090927
136,0.08359725365764735,0.09453644076301326
137,0.08358963683688495,0.09447059281476755
138,0.08357792240970494,0.09443922272033017
139,0.08356784562875887,0.0944378665971963
140,0.08355840853376241,0.09443470411093399
141,0.08354771311568532,0.09441828396663256
142,0.0835368567239357,0.09439708959202933
143,0.0835259986077147,0.09438966885738116
144,0.08351658472115853,0.0943704280059051
145,0.08350410117586582,0.09437693266175724
146,0.08349738941208078,0.09437196785194213
147,0.08349412385410089,0.09436249648965368
148,0.08348869130467616,0.09435947331653671
149,0.08347786837084295,0.09434152600943525
150,0.08346859624543913,0.09434901112769546
151,0.08346011074717191,0.09434911701138744
152,0.08345035415632786,0.09436060425605154
153,0.08344529501742842,0.0943617338403911
154,0.08344103954147102,0.09435920126178048
155,0.08342992458250717,0.09435031290516721
156,0.08342284289565911,0.09432814752742967
157,0.08341513236990193,0.09432566587081453
158,0.08340848056484045,0.09433052394471923
159,0.08340672189020187,0.09432965654730376
160,0.08340350629368208,0.09432039614957388
161,0.08339508400455509,0.0943301855889221
162,0.08338856298600954,0.09431458731491692
163,0.08338407717612126,0.09431860466265939
164,0.08337434137763994,0.09431743142199434
165,0.0833610938809679,0.09431441412427044
166,0.08335650319704513,0.09430929902439035
167,0.08335381422436126,0.09430952892805601
168,0.0833473844766468,0.09428171721208219
169,0.0833337832571141,0.09428791295918053
170,0.0833274442644602,0.09429270992984977
171,0.08332698797283879,0.09429396230058998
172,0.08331362007466754,0.09426899528716837
173,0.08331089996450804,0.09425604687084747
174,0.083301056890841,0.09425637815190262
175,0.08329373816107277,0.0942641657780014
176,0.08328590364551118,0.09427362129426685
177,0.08328300071276774,0.09427892525392906
178,0.08327134008973243,0.09425850318367937
179,0.0832549692932552,0.09424922754906588
180,0.08324692777037974,0.09426945132658594
181,0.08323872736824113,0.09428998850123536
182,0.0832357243377951,0.09429780557437746
183,0.08323014319746397,0.09429635511311833
184,0.08322736169761034,0.09429139119864657
185,0.08322602453915827,0.0942955735242472
186,0.08322218791753712,0.09429555837436558
187,0.08321713840433811,0.09432516617983527
188,0.0832068582694754,0.09441457480530163
189,0.08320171651911659,0.09441800303340986
190,0.08319900502770274,0.0944161870323652
191,0.08319324867865496,0.09442396958514412
192,0.08318529325081912,0.09441972872136274
193,0.08317964127110966,0.09441792388453023
194,0.08317835416421729,0.09441821202939144
195,0.08317340620337495,0.09441289264229369
196,0.08316787371821024,0.09441334159756705
197,0.0831585890380265,0.09439381267920564
198,0.0831491484958628,0.09440481246695141
199,0.0831498885014537,0.09451166402121314
200,0.08314495190248948,0.09451881538863952
201,0.08313973332483066,0.09451744821750512
202,0.08313569646579395,0.09452236246549296
203,0.0831195616503316,0.09453509042902263
204,0.08311152484477491,0.0945341995106036
205,0.0831107175029165,0.09453527995498433
206,0.08309934775219441,0.09453308664356067
207,0.08309837670090388,0.09455474192254784
208,0.08309738355465841,0.09454723434724081
209,0.08309349989942283,0.09453568871658677
