candidate,n_estimators,max_depth,min_child_weight,subsample,mae,rmse,r2,mean_quarterly_spearman,selected
untuned,400,3,1,0.8,0.0949000184446038,0.13095152036114033,0.47163133462922247,0.7484631168832898,False
candidate_01,197,2,1,0.8,0.09460549469348327,0.1306355640306745,0.4741779263492535,0.7502579140285579,False
candidate_02,243,2,1,1.0,0.09434512308059978,0.1305816005330325,0.47461225428694687,0.7499325167575179,False
candidate_03,197,2,5,0.8,0.09460549469348327,0.1306355640306745,0.4741779263492535,0.7502579140285579,False
candidate_04,271,2,5,1.0,0.09434381287541267,0.13059817486088054,0.47447887406575096,0.7497907082742624,False
candidate_05,175,3,1,0.8,0.0942726363844654,0.13050956176508544,0.4751917822716085,0.7505142822232769,False
candidate_06,194,3,1,1.0,0.09464804838206028,0.13077692922745018,0.47303929062525196,0.7495544180701234,False
candidate_07,179,3,5,0.8,0.09424922753544776,0.13052202995927445,0.4750915026714999,0.7504601361898119,True
candidate_08,160,3,5,1.0,0.09458395006903629,0.13069650791705076,0.473687200628611,0.7498496231570767,False
candidate_09,93,4,1,0.8,0.09478940510339737,0.13083173718745872,0.47259750484954655,0.7501517379963076,False
candidate_10,108,4,1,1.0,0.09477587147929713,0.13077655788209408,0.47304228326524755,0.7501199713517052,False
candidate_11,107,4,5,0.8,0.09473572716393286,0.13077896506129516,0.47302288386599023,0.7503212730300921,False
candidate_12,124,4,5,1.0,0.09491434623931737,0.13086494981555083,0.4723297006203703,0.7497254868114023,False
