realized_decile,observations,mean_realized_drawdown,mean_prediction,mean_signed_error,mean_absolute_error
1,3046,0.05850797666779191,0.13571076336159607,-0.07720278669380416,0.07774644566937373
2,3053,0.09877165651491542,0.15110356842777473,-0.05233191191285932,0.0590681486630912
3,3049,0.12505317367796046,0.16502620020277112,-0.03997302652481064,0.05624998078660569
4,3053,0.15174048519079883,0.1834949626957359,-0.03175447750493707,0.06068321232337441
5,3052,0.18235299119245574,0.20727212814953505,-0.024919136957079306,0.06901760587517762
6,3050,0.21988899820033977,0.23126800873484768,-0.011379010534507898,0.07545199123875689
7,3052,0.2658320238132816,0.26459870316444617,0.0012333206488354127,0.08077900361981993
8,3050,0.32694083628025933,0.300005211282949,0.026935624997310368,0.090630987041287
9,3052,0.4173916939283427,0.33961327644956063,0.077778417478782,0.1121082192769287
10,3054,0.6446507335588907,0.42005436773306415,0.22459636582582657,0.2301430454860394
