report_period,decile,observations,mean_actual,mean_prediction,target
2024-03-31,1,400,0.08966607803143715,0.0990390797238797,future_max_drawdown_63d
2024-03-31,2,401,0.1215791035778258,0.1226283648141899,future_max_drawdown_63d
2024-03-31,3,400,0.13902395695948297,0.13791613288223745,future_max_drawdown_63d
2024-03-31,4,401,0.17176425529511724,0.1573740467986561,future_max_drawdown_63d
2024-03-31,5,400,0.19162493707352796,0.18268569882959126,future_max_drawdown_63d
2024-03-31,6,401,0.24006177437948092,0.21879460155369337,future_max_drawdown_63d
2024-03-31,7,400,0.28314711189284425,0.2630462925508618,future_max_drawdown_63d
2024-03-31,8,401,0.35057487253765324,0.31303541975425664,future_max_drawdown_63d
2024-03-31,9,400,0.4175558668404745,0.3746266860514879,future_max_drawdown_63d
2024-03-31,10,401,0.5556254283713077,0.49385196698871336,future_max_drawdown_63d
2024-06-30,1,394,0.07549558453025769,0.09981233064028515,future_max_drawdown_63d
2024-06-30,2,395,0.09346657101904554,0.1231204891695252,future_max_drawdown_63d
2024-06-30,3,394,0.11434114220227938,0.14176531805453566,future_max_drawdown_63d
2024-06-30,4,395,0.12788589235531575,0.16189382706261887,future_max_drawdown_63d
2024-06-30,5,395,0.15458049369471857,0.18771429548535165,future_max_drawdown_63d
2024-06-30,6,394,0.1888259170465251,0.22285585328558374,future_max_drawdown_63d
2024-06-30,7,395,0.22416727491916874,0.2630412670253198,future_max_drawdown_63d
2024-06-30,8,394,0.27354794459442167,0.31265857271131525,future_max_drawdown_63d
2024-06-30,9,395,0.34453013023978735,0.3779585471636132,future_max_drawdown_63d
2024-06-30,10,395,0.4912094573609704,0.5017499669443203,future_max_drawdown_63d
2024-09-30,1,386,0.11521523026742701,0.10059195146968328,future_max_drawdown_63d
2024-09-30,2,387,0.13463031926578678,0.12371226812132877,future_max_drawdown_63d
2024-09-30,3,387,0.16128491747332938,0.1419201122081865,future_max_drawdown_63d
2024-09-30,4,387,0.17181250109255816,0.1587353131182742,future_max_drawdown_63d
2024-09-30,5,387,0.19131076307396822,0.18257317882637644,future_max_drawdown_63d
2024-09-30,6,387,0.23546278083522323,0.2168637512959251,future_max_drawdown_63d
2024-09-30,7,387,0.260766742265848,0.2535971271822311,future_max_drawdown_63d
2024-09-30,8,387,0.3261434284707695,0.3019035463955359,future_max_drawdown_63d
2024-09-30,9,387,0.401906222466932,0.3661373856763815,future_max_drawdown_63d
2024-09-30,10,387,0.5248413132634522,0.4889728221320367,future_max_drawdown_63d
2024-12-31,1,381,0.1503660673965288,0.10425007347203302,future_max_drawdown_63d
2024-12-31,2,382,0.20523926927811817,0.1239281025817569,future_max_drawdown_63d
2024-12-31,3,382,0.21632356547427528,0.13935751510852296,future_max_drawdown_63d
2024-12-31,4,382,0.2516336015209076,0.1564008175780636,future_max_drawdown_63d
2024-12-31,5,382,0.2864963702587934,0.18185252657267437,future_max_drawdown_63d
2024-12-31,6,382,0.33451542102446646,0.21414713307981093,future_max_drawdown_63d
2024-12-31,7,382,0.3672260389595638,0.25416907137601163,future_max_drawdown_63d
2024-12-31,8,382,0.4212049439324941,0.30996841995815955,future_max_drawdown_63d
2024-12-31,9,382,0.4745087794493827,0.379306422556258,future_max_drawdown_63d
2024-12-31,10,382,0.5844595549201862,0.49218881005392023,future_max_drawdown_63d
2025-03-31,1,376,0.09407906376130142,0.11930387245213732,future_max_drawdown_63d
2025-03-31,2,377,0.11601602512028483,0.1484262759473659,future_max_drawdown_63d
2025-03-31,3,377,0.1206065007793017,0.1685444572322881,future_max_drawdown_63d
2025-03-31,4,376,0.13789543386936526,0.18882060819800864,future_max_drawdown_63d
2025-03-31,5,377,0.17424308073668207,0.2140901793061264,future_max_drawdown_63d
2025-03-31,6,377,0.18991244561060375,0.24724456482129642,future_max_drawdown_63d
2025-03-31,7,376,0.24103572240454976,0.2850551648818432,future_max_drawdown_63d
2025-03-31,8,377,0.28107266823797694,0.3301492618787194,future_max_drawdown_63d
2025-03-31,9,377,0.34639830164848534,0.3893730005629815,future_max_drawdown_63d
2025-03-31,10,377,0.4652140249658899,0.49759323946360884,future_max_drawdown_63d
2025-06-30,1,373,0.10400048210322894,0.1084726670851816,future_max_drawdown_63d
2025-06-30,2,373,0.12887086245078527,0.12895172878340805,future_max_drawdown_63d
2025-06-30,3,373,0.13815827209774692,0.1440337236780903,future_max_drawdown_63d
2025-06-30,4,374,0.16048234976326614,0.16392942183317347,future_max_drawdown_63d
2025-06-30,5,373,0.1908297871902107,0.1914552977912867,future_max_drawdown_63d
2025-06-30,6,373,0.21053443404509833,0.22453102353590743,future_max_drawdown_63d
2025-06-30,7,374,0.254416294390508,0.2621796534341924,future_max_drawdown_63d
2025-06-30,8,373,0.29814342023702844,0.31065933242560073,future_max_drawdown_63d
2025-06-30,9,373,0.3792254844235357,0.36604800708492063,future_max_drawdown_63d
2025-06-30,10,374,0.4965428443831607,0.4758858976357761,future_max_drawdown_63d
2025-09-30,1,370,0.08936328318144024,0.1057665082147798,future_max_drawdown_63d
2025-09-30,2,371,0.10228830573420879,0.12768223984141877,future_max_drawdown_63d
2025-09-30,3,370,0.11987851364924226,0.14372757765892388,future_max_drawdown_63d
2025-09-30,4,371,0.1461008460313149,0.16474474440366432,future_max_drawdown_63d
2025-09-30,5,371,0.18693917121178164,0.19312009175190065,future_max_drawdown_63d
2025-09-30,6,370,0.21507016944068685,0.22752969756319716,future_max_drawdown_63d
2025-09-30,7,371,0.2531209923544779,0.265296280584888,future_max_drawdown_63d
2025-09-30,8,370,0.3242261367501302,0.3120388602888262,future_max_drawdown_63d
2025-09-30,9,371,0.3975764468756718,0.37092066702817006,future_max_drawdown_63d
2025-09-30,10,371,0.5447512311066249,0.476785629345079,future_max_drawdown_63d
2025-12-31,1,366,0.11568941211675506,0.10700180529123121,future_max_drawdown_63d
2025-12-31,2,367,0.14730413600305767,0.12527481206674992,future_max_drawdown_63d
2025-12-31,3,366,0.16539438931141331,0.1409244461626303,future_max_drawdown_63d
2025-12-31,4,367,0.19292439987967122,0.16307048909670652,future_max_drawdown_63d
2025-12-31,5,367,0.2244431903987905,0.19334189772443486,future_max_drawdown_63d
2025-12-31,6,366,0.24900591292181265,0.2246590658126633,future_max_drawdown_63d
2025-12-31,7,367,0.2767731965515852,0.2650002635792101,future_max_drawdown_63d
2025-12-31,8,366,0.314467663881015,0.30930244491074255,future_max_drawdown_63d
2025-12-31,9,367,0.3727100422243397,0.3673419422122373,future_max_drawdown_63d
2025-12-31,10,367,0.5024832580693972,0.4941025529797785,future_max_drawdown_63d
2024-03-31,1,400,0.14645314726258096,0.15294493734836578,future_downside_volatility_63d
2024-03-31,2,401,0.19723507219031008,0.18355225026607513,future_downside_volatility_63d
2024-03-31,3,400,0.21629219522534077,0.20793238282203674,future_downside_volatility_63d
2024-03-31,4,401,0.25430360551927084,0.23727759718894958,future_downside_volatility_63d
2024-03-31,5,400,0.2996385790405322,0.2763022780418396,future_downside_volatility_63d
2024-03-31,6,401,0.3450604118714454,0.331460177898407,future_downside_volatility_63d
2024-03-31,7,400,0.4300997706164751,0.4021439254283905,future_downside_volatility_63d
2024-03-31,8,401,0.5413854821994685,0.4818222224712372,future_downside_volatility_63d
2024-03-31,9,400,0.6446753326213855,0.5898281335830688,future_downside_volatility_63d
2024-03-31,10,401,0.9571889388723617,0.8721920847892761,future_downside_volatility_63d
2024-06-30,1,394,0.1317293595038925,0.15378177165985107,future_downside_volatility_63d
2024-06-30,2,394,0.1633543830813016,0.18524588644504547,future_downside_volatility_63d
2024-06-30,3,395,0.19620799108099082,0.21117447316646576,future_downside_volatility_63d
2024-06-30,4,395,0.22041360929678339,0.24207064509391785,future_downside_volatility_63d
2024-06-30,5,395,0.25567359912548204,0.2835721969604492,future_downside_volatility_63d
2024-06-30,6,394,0.3120405171989552,0.33754241466522217,future_downside_volatility_63d
2024-06-30,7,395,0.38738680180575935,0.4024471938610077,future_downside_volatility_63d
2024-06-30,8,394,0.4546922379294375,0.48370078206062317,future_downside_volatility_63d
2024-06-30,9,395,0.5893094180691301,0.6042516827583313,future_downside_volatility_63d
2024-06-30,10,395,0.8959439413513585,0.9118548631668091,future_downside_volatility_63d
2024-09-30,1,386,0.1598937319276516,0.1549389362335205,future_downside_volatility_63d
2024-09-30,2,387,0.18368257788789366,0.18635334074497223,future_downside_volatility_63d
2024-09-30,3,387,0.2066258526000763,0.21209339797496796,future_downside_volatility_63d
2024-09-30,4,387,0.2357736992016212,0.23786120116710663,future_downside_volatility_63d
2024-09-30,5,387,0.28488164157386114,0.274941086769104,future_downside_volatility_63d
2024-09-30,6,387,0.33989176298320467,0.3276527523994446,future_downside_volatility_63d
2024-09-30,7,387,0.420370782856524,0.38620418310165405,future_downside_volatility_63d
2024-09-30,8,387,0.5102834882844739,0.4640437364578247,future_downside_volatility_63d
2024-09-30,9,387,0.6693979732889347,0.5732201337814331,future_downside_volatility_63d
2024-09-30,10,387,0.9731046364891298,0.8693469166755676,future_downside_volatility_63d
2024-12-31,1,381,0.22196738718135775,0.1577843576669693,future_downside_volatility_63d
2024-12-31,2,382,0.2745025456006677,0.18531569838523865,future_downside_volatility_63d
2024-12-31,3,382,0.29171116536897035,0.20750777423381805,future_downside_volatility_63d
2024-12-31,4,382,0.34148901535795984,0.23382291197776794,future_downside_volatility_63d
2024-12-31,5,382,0.38810502595058854,0.2743820548057556,future_downside_volatility_63d
2024-12-31,6,382,0.45110142883208243,0.32463183999061584,future_downside_volatility_63d
2024-12-31,7,382,0.5132053768083565,0.3901888430118561,future_downside_volatility_63d
2024-12-31,8,382,0.6127921877440746,0.48119568824768066,future_downside_volatility_63d
2024-12-31,9,382,0.6958913785018808,0.5963242650032043,future_downside_volatility_63d
2024-12-31,10,382,1.031650585096921,0.8890349864959717,future_downside_volatility_63d
2025-03-31,1,376,0.1502354848196103,0.18184761703014374,future_downside_volatility_63d
2025-03-31,2,377,0.19157581346613978,0.2232811450958252,future_downside_volatility_63d
2025-03-31,3,377,0.20806314203432597,0.25358325242996216,future_downside_volatility_63d
2025-03-31,4,376,0.23753806835228972,0.28761953115463257,future_downside_volatility_63d
2025-03-31,5,377,0.2786957156491599,0.3291475772857666,future_downside_volatility_63d
2025-03-31,6,377,0.32222341161011275,0.3836115002632141,future_downside_volatility_63d
2025-03-31,7,376,0.4097514032681994,0.44367238879203796,future_downside_volatility_63d
2025-03-31,8,377,0.47762479114962647,0.5109790563583374,future_downside_volatility_63d
2025-03-31,9,377,0.6142897783777889,0.6116719841957092,future_downside_volatility_63d
2025-03-31,10,377,0.8464184503524903,0.884640634059906,future_downside_volatility_63d
2025-06-30,1,373,0.1457985299286352,0.16236282885074615,future_downside_volatility_63d
2025-06-30,2,373,0.18048475935809358,0.19159790873527527,future_downside_volatility_63d
2025-06-30,3,373,0.20789471777755655,0.21448729932308197,future_downside_volatility_63d
2025-06-30,4,374,0.24376869472937762,0.24482400715351105,future_downside_volatility_63d
2025-06-30,5,373,0.28627450625998185,0.28731584548950195,future_downside_volatility_63d
2025-06-30,6,373,0.3296767542398664,0.3396933376789093,future_downside_volatility_63d
2025-06-30,7,374,0.3967471945084663,0.40061861276626587,future_downside_volatility_63d
2025-06-30,8,373,0.496515781004089,0.47558438777923584,future_downside_volatility_63d
2025-06-30,9,373,0.6013913934504455,0.5683441758155823,future_downside_volatility_63d
2025-06-30,10,374,0.8656415130444143,0.8265396952629089,future_downside_volatility_63d
2025-09-30,1,370,0.15147718623566503,0.15823553502559662,future_downside_volatility_63d
2025-09-30,2,371,0.1818380477713753,0.1880662441253662,future_downside_volatility_63d
2025-09-30,3,370,0.19995447036493233,0.21116873621940613,future_downside_volatility_63d
2025-09-30,4,371,0.24653087126789872,0.24328136444091797,future_downside_volatility_63d
2025-09-30,5,371,0.28948199171373235,0.28779852390289307,future_downside_volatility_63d
2025-09-30,6,370,0.34305242742698017,0.34278443455696106,future_downside_volatility_63d
2025-09-30,7,371,0.42107014670031356,0.40409258008003235,future_downside_volatility_63d
2025-09-30,8,370,0.5099746069096672,0.4809304177761078,future_downside_volatility_63d
2025-09-30,9,371,0.6246597784480131,0.5833377242088318,future_downside_volatility_63d
2025-09-30,10,371,0.927753821566438,0.8375953435897827,future_downside_volatility_63d
2025-12-31,1,366,0.1687579482392778,0.1605832576751709,future_downside_volatility_63d
2025-12-31,2,367,0.20892857783198307,0.18616732954978943,future_downside_volatility_63d
2025-12-31,3,366,0.242129937356181,0.20920629799365997,future_downside_volatility_63d
2025-12-31,4,367,0.292585067320407,0.24353700876235962,future_downside_volatility_63d
2025-12-31,5,367,0.35191375869675684,0.2906498908996582,future_downside_volatility_63d
2025-12-31,6,366,0.4033755833160428,0.34017491340637207,future_downside_volatility_63d
2025-12-31,7,367,0.455233606323503,0.40474939346313477,future_downside_volatility_63d
2025-12-31,8,366,0.5474550528521748,0.47618991136550903,future_downside_volatility_63d
2025-12-31,9,367,0.6260543848374249,0.5772072672843933,future_downside_volatility_63d
2025-12-31,10,367,0.8967541143538676,0.8986493945121765,future_downside_volatility_63d
2024-03-31,1,399,0.06685578530948319,0.06488560885190964,future_worst_five_day_loss_63d
2024-03-31,2,400,0.08942400475980693,0.07772528380155563,future_worst_five_day_loss_63d
2024-03-31,3,400,0.09843653371815586,0.08757785707712173,future_worst_five_day_loss_63d
2024-03-31,4,399,0.12052466928731502,0.09955235570669174,future_worst_five_day_loss_63d
2024-03-31,5,400,0.13698998159091755,0.11534925550222397,future_worst_five_day_loss_63d
2024-03-31,6,400,0.1547598193039685,0.13731393218040466,future_worst_five_day_loss_63d
2024-03-31,7,399,0.1839586695306909,0.16352154314517975,future_worst_five_day_loss_63d
2024-03-31,8,400,0.22411858674623172,0.19406618177890778,future_worst_five_day_loss_63d
2024-03-31,9,400,0.2644807426537625,0.23257121443748474,future_worst_five_day_loss_63d
2024-03-31,10,400,0.36514990538281294,0.32261571288108826,future_worst_five_day_loss_63d
2024-06-30,1,393,0.05250256967174523,0.06481396406888962,future_worst_five_day_loss_63d
2024-06-30,2,394,0.06611491816530687,0.07797939330339432,future_worst_five_day_loss_63d
2024-06-30,3,394,0.07676608240100934,0.08925185352563858,future_worst_five_day_loss_63d
2024-06-30,4,394,0.09122000082718515,0.10217856615781784,future_worst_five_day_loss_63d
2024-06-30,5,394,0.10644712387091,0.11839499324560165,future_worst_five_day_loss_63d
2024-06-30,6,393,0.12536334153204534,0.14020505547523499,future_worst_five_day_loss_63d
2024-06-30,7,394,0.1533136443463072,0.16441597044467926,future_worst_five_day_loss_63d
2024-06-30,8,394,0.18053731642665513,0.19502398371696472,future_worst_five_day_loss_63d
2024-06-30,9,394,0.22359955887937907,0.2377646416425705,future_worst_five_day_loss_63d
2024-06-30,10,394,0.3254858467932383,0.3346465528011322,future_worst_five_day_loss_63d
2024-09-30,1,386,0.06669825403493251,0.06600386649370193,future_worst_five_day_loss_63d
2024-09-30,2,387,0.08109278425165377,0.07860229909420013,future_worst_five_day_loss_63d
2024-09-30,3,387,0.08939039386017897,0.08941113203763962,future_worst_five_day_loss_63d
2024-09-30,4,386,0.10006724226625688,0.09992006421089172,future_worst_five_day_loss_63d
2024-09-30,5,387,0.11862022579979946,0.11513948440551758,future_worst_five_day_loss_63d
2024-09-30,6,387,0.1428178091285054,0.1359805464744568,future_worst_five_day_loss_63d
2024-09-30,7,386,0.16470060463881916,0.15836572647094727,future_worst_five_day_loss_63d
2024-09-30,8,387,0.21429633350352745,0.18715690076351166,future_worst_five_day_loss_63d
2024-09-30,9,387,0.26107665071353964,0.2268412858247757,future_worst_five_day_loss_63d
2024-09-30,10,387,0.36912167222749864,0.31995096802711487,future_worst_five_day_loss_63d
2024-12-31,1,381,0.10786561384727222,0.06641273200511932,future_worst_five_day_loss_63d
2024-12-31,2,381,0.1283594963170889,0.07793086767196655,future_worst_five_day_loss_63d
2024-12-31,3,382,0.13039713277015633,0.08756987005472183,future_worst_five_day_loss_63d
2024-12-31,4,381,0.15059011460101068,0.09838525950908661,future_worst_five_day_loss_63d
2024-12-31,5,382,0.16375373657595887,0.11499258875846863,future_worst_five_day_loss_63d
2024-12-31,6,381,0.19075423315277099,0.13500522077083588,future_worst_five_day_loss_63d
2024-12-31,7,381,0.2098260642310727,0.1593608558177948,future_worst_five_day_loss_63d
2024-12-31,8,382,0.2501190089247513,0.1924101710319519,future_worst_five_day_loss_63d
2024-12-31,9,381,0.2801971504178615,0.23483999073505402,future_worst_five_day_loss_63d
2024-12-31,10,382,0.3805779880577756,0.3231291174888611,future_worst_five_day_loss_63d
2025-03-31,1,376,0.061444388775933466,0.07543180137872696,future_worst_five_day_loss_63d
2025-03-31,2,376,0.07633318477846202,0.09347004443407059,future_worst_five_day_loss_63d
2025-03-31,3,376,0.08522889274979076,0.10661706328392029,future_worst_five_day_loss_63d
2025-03-31,4,376,0.09707786321755736,0.11956595629453659,future_worst_five_day_loss_63d
2025-03-31,5,377,0.11564707510067608,0.13568271696567535,future_worst_five_day_loss_63d
2025-03-31,6,376,0.13084153825907713,0.15529713034629822,future_worst_five_day_loss_63d
2025-03-31,7,376,0.16339575485560448,0.17766384780406952,future_worst_five_day_loss_63d
2025-03-31,8,376,0.191542129119373,0.2040705382823944,future_worst_five_day_loss_63d
2025-03-31,9,376,0.24317815483626187,0.2407466620206833,future_worst_five_day_loss_63d
2025-03-31,10,377,0.3248207597760484,0.3254696726799011,future_worst_five_day_loss_63d
2025-06-30,1,372,0.06107247881979635,0.06893780082464218,future_worst_five_day_loss_63d
2025-06-30,2,373,0.07518008679776438,0.08171512931585312,future_worst_five_day_loss_63d
2025-06-30,3,373,0.08232398548546145,0.09145981073379517,future_worst_five_day_loss_63d
2025-06-30,4,372,0.09821793143638959,0.10429197549819946,future_worst_five_day_loss_63d
2025-06-30,5,373,0.11799815152006003,0.1212114542722702,future_worst_five_day_loss_63d
2025-06-30,6,373,0.132218783085776,0.14125601947307587,future_worst_five_day_loss_63d
2025-06-30,7,372,0.16034797880335366,0.16366679966449738,future_worst_five_day_loss_63d
2025-06-30,8,373,0.19822668549959716,0.19312122464179993,future_worst_five_day_loss_63d
2025-06-30,9,373,0.24154271298760974,0.22584335505962372,future_worst_five_day_loss_63d
2025-06-30,10,373,0.3285715643274326,0.3094320297241211,future_worst_five_day_loss_63d
2025-09-30,1,370,0.06234192434146407,0.06761924922466278,future_worst_five_day_loss_63d
2025-09-30,2,370,0.07095520193391769,0.08052040636539459,future_worst_five_day_loss_63d
2025-09-30,3,370,0.07922107940997983,0.09054286777973175,future_worst_five_day_loss_63d
2025-09-30,4,371,0.0978434055304684,0.10425212979316711,future_worst_five_day_loss_63d
2025-09-30,5,370,0.11939527904545849,0.12255440652370453,future_worst_five_day_loss_63d
2025-09-30,6,370,0.1365784497575121,0.14301636815071106,future_worst_five_day_loss_63d
2025-09-30,7,371,0.16259958361872123,0.1661914587020874,future_worst_five_day_loss_63d
2025-09-30,8,370,0.20992118343667296,0.19559206068515778,future_worst_five_day_loss_63d
2025-09-30,9,370,0.2470566052816692,0.23274675011634827,future_worst_five_day_loss_63d
2025-09-30,10,371,0.3521064686138351,0.31591713428497314,future_worst_five_day_loss_63d
2025-12-31,1,366,0.06545840380455799,0.06808479875326157,future_worst_five_day_loss_63d
2025-12-31,2,366,0.08189220711059737,0.07892851531505585,future_worst_five_day_loss_63d
2025-12-31,3,367,0.10060166739366662,0.08910003304481506,future_worst_five_day_loss_63d
2025-12-31,4,366,0.12106331752066475,0.10368864983320236,future_worst_five_day_loss_63d
2025-12-31,5,367,0.14161868648382792,0.12311945110559464,future_worst_five_day_loss_63d
2025-12-31,6,366,0.16901497793640624,0.14214175939559937,future_worst_five_day_loss_63d
2025-12-31,7,366,0.18274564965032414,0.16579848527908325,future_worst_five_day_loss_63d
2025-12-31,8,367,0.2135621581092244,0.1930631399154663,future_worst_five_day_loss_63d
2025-12-31,9,366,0.2448487990926756,0.2301473617553711,future_worst_five_day_loss_63d
2025-12-31,10,367,0.33267719980197763,0.32925280928611755,future_worst_five_day_loss_63d
2024-03-31,1,400,0.052861776864369873,0.05373247712850571,future_max_drawdown_21d
2024-03-31,2,401,0.0716833791352744,0.06742283701896667,future_max_drawdown_21d
2024-03-31,3,400,0.08172291385498719,0.07556954771280289,future_max_drawdown_21d
2024-03-31,4,401,0.09517730762758457,0.0858771875500679,future_max_drawdown_21d
2024-03-31,5,400,0.10734261199707315,0.09941782057285309,future_max_drawdown_21d
2024-03-31,6,401,0.12346694123854751,0.1198405921459198,future_max_drawdown_21d
2024-03-31,7,400,0.14738404787752052,0.14475275576114655,future_max_drawdown_21d
2024-03-31,8,401,0.18274993803830666,0.1753244400024414,future_max_drawdown_21d
2024-03-31,9,400,0.22410309038565682,0.21612779796123505,future_max_drawdown_21d
2024-03-31,10,401,0.3215213712616172,0.30139389634132385,future_max_drawdown_21d
2024-06-30,1,394,0.03512444068967893,0.054540663957595825,future_max_drawdown_21d
2024-06-30,2,395,0.055034722025255146,0.06742510944604874,future_max_drawdown_21d
2024-06-30,3,394,0.06697028831304284,0.07616448402404785,future_max_drawdown_21d
2024-06-30,4,395,0.08278351779861634,0.0873882919549942,future_max_drawdown_21d
2024-06-30,5,395,0.10176728245162002,0.10149272531270981,future_max_drawdown_21d
2024-06-30,6,394,0.11642414561574466,0.121118925511837,future_max_drawdown_21d
2024-06-30,7,395,0.1387341634787703,0.1434008628129959,future_max_drawdown_21d
2024-06-30,8,394,0.16982414145266114,0.17289511859416962,future_max_drawdown_21d
2024-06-30,9,395,0.21028647567506825,0.21531736850738525,future_max_drawdown_21d
2024-06-30,10,395,0.3040467771610198,0.3039618730545044,future_max_drawdown_21d
2024-09-30,1,386,0.04932196154314847,0.05577775090932846,future_max_drawdown_21d
2024-09-30,2,387,0.05951978154360971,0.06820350140333176,future_max_drawdown_21d
2024-09-30,3,387,0.06525274219751447,0.07662998139858246,future_max_drawdown_21d
2024-09-30,4,387,0.07244741522959695,0.08575620502233505,future_max_drawdown_21d
2024-09-30,5,387,0.08496794852579928,0.09896562993526459,future_max_drawdown_21d
2024-09-30,6,387,0.11103298501008414,0.11782512813806534,future_max_drawdown_21d
2024-09-30,7,387,0.13476488700946376,0.13869838416576385,future_max_drawdown_21d
2024-09-30,8,387,0.17362836796327416,0.16610541939735413,future_max_drawdown_21d
2024-09-30,9,387,0.22172860114249007,0.20840923488140106,future_max_drawdown_21d
2024-09-30,10,387,0.3019875143884619,0.2988349199295044,future_max_drawdown_21d
2024-12-31,1,381,0.08176979905542542,0.05831805616617203,future_max_drawdown_21d
2024-12-31,2,382,0.11189064626367429,0.06855236738920212,future_max_drawdown_21d
2024-12-31,3,382,0.12478133005513103,0.0758853554725647,future_max_drawdown_21d
2024-12-31,4,382,0.14955483234324762,0.0856681615114212,future_max_drawdown_21d
2024-12-31,5,382,0.17618326036057344,0.09914201498031616,future_max_drawdown_21d
2024-12-31,6,381,0.1993363967074787,0.11803183704614639,future_max_drawdown_21d
2024-12-31,7,382,0.2306251733741393,0.1401951164007187,future_max_drawdown_21d
2024-12-31,8,382,0.2638853840611927,0.1739158034324646,future_max_drawdown_21d
2024-12-31,9,382,0.29779783981692726,0.219806969165802,future_max_drawdown_21d
2024-12-31,10,382,0.39898477926015213,0.3015725016593933,future_max_drawdown_21d
2025-03-31,1,376,0.049540947284595224,0.06632933765649796,future_max_drawdown_21d
2025-03-31,2,377,0.06310022521277792,0.08230389654636383,future_max_drawdown_21d
2025-03-31,3,377,0.06780166265969487,0.09341263025999069,future_max_drawdown_21d
2025-03-31,4,376,0.07863142212020259,0.10695923119783401,future_max_drawdown_21d
2025-03-31,5,377,0.09293543777908676,0.12246573716402054,future_max_drawdown_21d
2025-03-31,6,377,0.10776644076220888,0.14009422063827515,future_max_drawdown_21d
2025-03-31,7,376,0.12548382273187905,0.16291607916355133,future_max_drawdown_21d
2025-03-31,8,377,0.14854236566732865,0.1910628080368042,future_max_drawdown_21d
2025-03-31,9,377,0.18737071116440426,0.2313118427991867,future_max_drawdown_21d
2025-03-31,10,377,0.2790905510322617,0.3061063289642334,future_max_drawdown_21d
2025-06-30,1,373,0.04284425799907114,0.06123301759362221,future_max_drawdown_21d
2025-06-30,2,373,0.04496821939314452,0.07208862155675888,future_max_drawdown_21d
2025-06-30,3,373,0.05119870715530265,0.08017757534980774,future_max_drawdown_21d
2025-06-30,4,374,0.06217170436279313,0.09087463468313217,future_max_drawdown_21d
2025-06-30,5,373,0.07430767002880287,0.10591106861829758,future_max_drawdown_21d
2025-06-30,6,373,0.08898389441073402,0.12461772561073303,future_max_drawdown_21d
2025-06-30,7,374,0.11157657004123811,0.14548952877521515,future_max_drawdown_21d
2025-06-30,8,373,0.13794106433516348,0.17381985485553741,future_max_drawdown_21d
2025-06-30,9,373,0.17249480051748173,0.20834270119667053,future_max_drawdown_21d
2025-06-30,10,374,0.2641154595342573,0.2874450981616974,future_max_drawdown_21d
2025-09-30,1,370,0.04925151577539106,0.06007378175854683,future_max_drawdown_21d
2025-09-30,2,371,0.04988468382081729,0.07160571217536926,future_max_drawdown_21d
2025-09-30,3,370,0.058241399132566145,0.07951715588569641,future_max_drawdown_21d
2025-09-30,4,371,0.0682705827498218,0.09064546227455139,future_max_drawdown_21d
2025-09-30,5,371,0.07832446702097305,0.10667955875396729,future_max_drawdown_21d
2025-09-30,6,370,0.10039563160564305,0.1250115931034088,future_max_drawdown_21d
2025-09-30,7,371,0.12704575700199086,0.1456284373998642,future_max_drawdown_21d
2025-09-30,8,370,0.15716403493058267,0.1727263331413269,future_max_drawdown_21d
2025-09-30,9,371,0.20453259899920875,0.20908524096012115,future_max_drawdown_21d
2025-09-30,10,371,0.30117849190517376,0.2868901193141937,future_max_drawdown_21d
2025-12-31,1,366,0.08256085785580547,0.060330089181661606,future_max_drawdown_21d
2025-12-31,2,367,0.11013570500953973,0.0700703114271164,future_max_drawdown_21d
2025-12-31,3,366,0.11911849952766305,0.07832062989473343,future_max_drawdown_21d
2025-12-31,4,367,0.13756563531990743,0.09026381373405457,future_max_drawdown_21d
2025-12-31,5,366,0.14428873209996465,0.10687347501516342,future_max_drawdown_21d
2025-12-31,6,367,0.16306880457491116,0.12417533993721008,future_max_drawdown_21d
2025-12-31,7,366,0.1828405595225795,0.14476515352725983,future_max_drawdown_21d
2025-12-31,8,367,0.1889022407674397,0.17128583788871765,future_max_drawdown_21d
2025-12-31,9,366,0.20696971187178648,0.2087297886610031,future_max_drawdown_21d
2025-12-31,10,367,0.2847094454308094,0.30067211389541626,future_max_drawdown_21d
2024-03-31,1,400,0.11381119218145469,0.14656107127666473,future_max_drawdown_126d
2024-03-31,2,400,0.1408458842651183,0.17955362796783447,future_max_drawdown_126d
2024-03-31,3,400,0.1651573543368446,0.1992855966091156,future_max_drawdown_126d
2024-03-31,4,400,0.2034045702398608,0.22304746508598328,future_max_drawdown_126d
2024-03-31,5,401,0.23271646202789534,0.25581562519073486,future_max_drawdown_126d
2024-03-31,6,400,0.2916599234943895,0.30204758048057556,future_max_drawdown_126d
2024-03-31,7,400,0.3386980757399898,0.35742321610450745,future_max_drawdown_126d
2024-03-31,8,400,0.4224910460965357,0.4219791889190674,future_max_drawdown_126d
2024-03-31,9,400,0.5114764466071362,0.4957851767539978,future_max_drawdown_126d
2024-03-31,10,401,0.6786575810099259,0.6299591064453125,future_max_drawdown_126d
2024-06-30,1,393,0.14370016138270528,0.1478670984506607,future_max_drawdown_126d
2024-06-30,2,393,0.1666119757707388,0.1777963936328888,future_max_drawdown_126d
2024-06-30,3,394,0.1844446817620412,0.2010273039340973,future_max_drawdown_126d
2024-06-30,4,393,0.20528362456712984,0.22824878990650177,future_max_drawdown_126d
2024-06-30,5,394,0.23469603250396923,0.2626093924045563,future_max_drawdown_126d
2024-06-30,6,393,0.2859406323324888,0.30871161818504333,future_max_drawdown_126d
2024-06-30,7,393,0.3361327510428044,0.36335039138793945,future_max_drawdown_126d
2024-06-30,8,394,0.41974699711199753,0.4274132549762726,future_max_drawdown_126d
2024-06-30,9,393,0.5103281773731275,0.5090458989143372,future_max_drawdown_126d
2024-06-30,10,394,0.6508518136672063,0.6455540657043457,future_max_drawdown_126d
2024-09-30,1,386,0.17729663254429534,0.14701226353645325,future_max_drawdown_126d
2024-09-30,2,387,0.24618922726440304,0.17911219596862793,future_max_drawdown_126d
2024-09-30,3,386,0.2887434145337984,0.20220622420310974,future_max_drawdown_126d
2024-09-30,4,387,0.31288567896249825,0.2236420214176178,future_max_drawdown_126d
2024-09-30,5,387,0.3582118256200758,0.2544713020324707,future_max_drawdown_126d
2024-09-30,6,386,0.42465019373183277,0.29727309942245483,future_max_drawdown_126d
2024-09-30,7,387,0.46440598211648315,0.34623539447784424,future_max_drawdown_126d
2024-09-30,8,386,0.5188935755493557,0.4080117642879486,future_max_drawdown_126d
2024-09-30,9,387,0.6048314659114736,0.48682254552841187,future_max_drawdown_126d
2024-09-30,10,387,0.7207310693877559,0.6261947751045227,future_max_drawdown_126d
2024-12-31,1,381,0.16601394729092034,0.15150269865989685,future_max_drawdown_126d
2024-12-31,2,382,0.22234980789953798,0.17920997738838196,future_max_drawdown_126d
2024-12-31,3,381,0.23020043743226198,0.19780845940113068,future_max_drawdown_126d
2024-12-31,4,382,0.27113285288683703,0.22125014662742615,future_max_drawdown_126d
2024-12-31,5,381,0.30702113167900963,0.2555781602859497,future_max_drawdown_126d
2024-12-31,6,382,0.36380257177111097,0.2945965826511383,future_max_drawdown_126d
2024-12-31,7,381,0.40546623458787545,0.3485163450241089,future_max_drawdown_126d
2024-12-31,8,382,0.4635543931612915,0.4182754456996918,future_max_drawdown_126d
2024-12-31,9,381,0.5276026381573823,0.49966371059417725,future_max_drawdown_126d
2024-12-31,10,382,0.663774109602094,0.6283596754074097,future_max_drawdown_126d
2025-03-31,1,376,0.13796398740680352,0.1704290807247162,future_max_drawdown_126d
2025-03-31,2,377,0.16883356688133808,0.21110618114471436,future_max_drawdown_126d
2025-03-31,3,376,0.17728188187895322,0.23862382769584656,future_max_drawdown_126d
2025-03-31,4,377,0.2026194689900456,0.26369577646255493,future_max_drawdown_126d
2025-03-31,5,377,0.23970302509633917,0.29430708289146423,future_max_drawdown_126d
2025-03-31,6,376,0.2750435465521917,0.3376990854740143,future_max_drawdown_126d
2025-03-31,7,377,0.3248422403802503,0.3863452672958374,future_max_drawdown_126d
2025-03-31,8,376,0.3988676396869236,0.44156044721603394,future_max_drawdown_126d
2025-03-31,9,377,0.4672598976499493,0.5095083117485046,future_max_drawdown_126d
2025-03-31,10,377,0.6082642228821881,0.6362672448158264,future_max_drawdown_126d
2025-06-30,1,373,0.1400736378551968,0.15747642517089844,future_max_drawdown_126d
2025-06-30,2,373,0.1656595676164623,0.1865237057209015,future_max_drawdown_126d
2025-06-30,3,373,0.1802581466261065,0.20470155775547028,future_max_drawdown_126d
2025-06-30,4,373,0.21819106505892025,0.22970664501190186,future_max_drawdown_126d
2025-06-30,5,373,0.2614751584915048,0.26438912749290466,future_max_drawdown_126d
2025-06-30,6,373,0.3077161141431017,0.3049545884132385,future_max_drawdown_126d
2025-06-30,7,373,0.36190087140856864,0.35703131556510925,future_max_drawdown_126d
2025-06-30,8,373,0.4382392628226115,0.4204362630844116,future_max_drawdown_126d
2025-06-30,9,373,0.5394622066907226,0.48642289638519287,future_max_drawdown_126d
2025-06-30,10,373,0.700712117519094,0.6111809611320496,future_max_drawdown_126d
2025-09-30,1,370,0.15571734636594958,0.15436890721321106,future_max_drawdown_126d
2025-09-30,2,371,0.1766925160195676,0.18351173400878906,future_max_drawdown_126d
2025-09-30,3,370,0.19852982109268497,0.20240718126296997,future_max_drawdown_126d
2025-09-30,4,371,0.24615762911426034,0.2299518883228302,future_max_drawdown_126d
2025-09-30,5,371,0.2868780495698856,0.2676677703857422,future_max_drawdown_126d
2025-09-30,6,370,0.31885579124725577,0.3117956519126892,future_max_drawdown_126d
2025-09-30,7,371,0.37078024164582635,0.36444592475891113,future_max_drawdown_126d
2025-09-30,8,370,0.44158736794407216,0.4272621273994446,future_max_drawdown_126d
2025-09-30,9,371,0.5121998513699735,0.5001909732818604,future_max_drawdown_126d
2025-09-30,10,371,0.6788369179351026,0.6215941905975342,future_max_drawdown_126d
