target,feature,importance_share
future_max_drawdown_63d,market_cap_usd,0.12513344
future_max_drawdown_63d,return_21d,0.050460003
future_max_drawdown_63d,momentum_252_21d,0.074761555
future_max_drawdown_63d,downside_volatility_63d,0.38810483
future_max_drawdown_63d,market_beta_252d,0.05253982
future_max_drawdown_63d,maximum_drawdown_252d,0.29912278
future_max_drawdown_63d,negative_return_share_63d,0.0098776175
future_downside_volatility_63d,market_cap_usd,0.17408332
future_downside_volatility_63d,return_21d,0.045981865
future_downside_volatility_63d,momentum_252_21d,0.063564755
future_downside_volatility_63d,downside_volatility_63d,0.39599383
future_downside_volatility_63d,market_beta_252d,0.05371982
future_downside_volatility_63d,maximum_drawdown_252d,0.2587907
future_downside_volatility_63d,negative_return_share_63d,0.007865648
future_worst_five_day_loss_63d,market_cap_usd,0.12544131
future_worst_five_day_loss_63d,return_21d,0.058507618
future_worst_five_day_loss_63d,momentum_252_21d,0.06921975
future_worst_five_day_loss_63d,downside_volatility_63d,0.4058803
future_worst_five_day_loss_63d,market_beta_252d,0.04498337
future_worst_five_day_loss_63d,maximum_drawdown_252d,0.28590727
future_worst_five_day_loss_63d,negative_return_share_63d,0.010060501
future_max_drawdown_21d,market_cap_usd,0.09419709
future_max_drawdown_21d,return_21d,0.05881261
future_max_drawdown_21d,momentum_252_21d,0.065428205
future_max_drawdown_21d,downside_volatility_63d,0.3643842
future_max_drawdown_21d,market_beta_252d,0.049324717
future_max_drawdown_21d,maximum_drawdown_252d,0.3590494
future_max_drawdown_21d,negative_return_share_63d,0.00880377
future_max_drawdown_126d,market_cap_usd,0.14560106
future_max_drawdown_126d,return_21d,0.052799672
future_max_drawdown_126d,momentum_252_21d,0.07820599
future_max_drawdown_126d,downside_volatility_63d,0.42632568
future_max_drawdown_126d,market_beta_252d,0.04937986
future_max_drawdown_126d,maximum_drawdown_252d,0.24184862
future_max_drawdown_126d,negative_return_share_63d,0.0058390945
