target,report_period,mae,relative_mae
future_downside_volatility_63d,2024-03-31,0.11313062396439988,0.9339520954996143
future_downside_volatility_63d,2024-06-30,0.11880698676115795,0.9808134204271293
future_downside_volatility_63d,2024-09-30,0.11802588170409192,0.9743649922359993
future_downside_volatility_63d,2024-12-31,0.15450542167620324,1.2755225533446213
future_downside_volatility_63d,2025-03-31,0.1248946294890175,1.031070074930569
future_downside_volatility_63d,2025-06-30,0.10697704892132559,0.8831511354686515
future_downside_volatility_63d,2025-09-30,0.11504542593466073,0.9497597808983501
future_downside_volatility_63d,2025-12-31,0.11758039106715244,0.9706872355038697
future_max_drawdown_126d,2024-03-31,0.10533817976790127,0.946323419603179
future_max_drawdown_126d,2024-06-30,0.10245725960523408,0.9204421842719253
future_max_drawdown_126d,2024-09-30,0.13194438734924083,1.1853448019407304
future_max_drawdown_126d,2024-12-31,0.1007951435235469,0.9055102822999591
future_max_drawdown_126d,2025-03-31,0.11659412566006543,1.047443120275916
future_max_drawdown_126d,2025-06-30,0.11258781435991219,1.0114517426205452
future_max_drawdown_126d,2025-09-30,0.10982161033940001,0.9866010792259531
future_max_drawdown_21d,2024-03-31,0.05362450370847746,0.8558341953678688
future_max_drawdown_21d,2024-06-30,0.053442429364590927,0.8529283325846085
future_max_drawdown_21d,2024-09-30,0.05629189434719042,0.8984051090946431
future_max_drawdown_21d,2024-12-31,0.09011563375294247,1.4382238635212319
future_max_drawdown_21d,2025-03-31,0.061972858486793306,0.9890719318546668
future_max_drawdown_21d,2025-06-30,0.06078975440614704,0.9701898749800543
future_max_drawdown_21d,2025-09-30,0.05612199755168172,0.8956935970577163
future_max_drawdown_21d,2025-12-31,0.0697810175802354,1.1136882749982564
future_max_drawdown_63d,2024-03-31,0.08270265721037412,0.9068068340003052
future_max_drawdown_63d,2024-06-30,0.08724845188117226,0.9566499443970634
future_max_drawdown_63d,2024-09-30,0.08239904168167493,0.9034777917951352
future_max_drawdown_63d,2024-12-31,0.11968752157420363,1.3123334384766603
future_max_drawdown_63d,2025-03-31,0.0946203046754699,1.037479832076595
future_max_drawdown_63d,2025-06-30,0.08338576181864094,0.9142968463893599
future_max_drawdown_63d,2025-09-30,0.09465134369095358,1.037820164446928
future_max_drawdown_63d,2025-12-31,0.08531903038469066,0.9354944863054805
future_worst_five_day_loss_63d,2024-03-31,0.05711248126370288,0.962168335707323
future_worst_five_day_loss_63d,2024-06-30,0.05717092999592482,0.9631530157310558
future_worst_five_day_loss_63d,2024-09-30,0.05587602806916244,0.9413379307582203
future_worst_five_day_loss_63d,2024-12-31,0.07119694219001295,1.1994478590085658
future_worst_five_day_loss_63d,2025-03-31,0.06112765659236616,1.0298115982319422
future_worst_five_day_loss_63d,2025-06-30,0.055692190509906,0.9382408375394271
future_worst_five_day_loss_63d,2025-09-30,0.06001066089615104,1.010993681968469
future_worst_five_day_loss_63d,2025-12-31,0.05676254476189347,0.9562729899948056
