target,report_period,spearman
future_downside_volatility_63d,2024-03-31,0.8602416051977221
future_downside_volatility_63d,2024-06-30,0.8441625788642251
future_downside_volatility_63d,2024-09-30,0.8498806537374826
future_downside_volatility_63d,2024-12-31,0.8054362680369496
future_downside_volatility_63d,2025-03-31,0.8339257421760841
future_downside_volatility_63d,2025-06-30,0.8548371378957568
future_downside_volatility_63d,2025-09-30,0.8364798478677409
future_downside_volatility_63d,2025-12-31,0.8359607198442235
future_max_drawdown_126d,2024-03-31,0.7981442212338061
future_max_drawdown_126d,2024-06-30,0.751328883944343
future_max_drawdown_126d,2024-09-30,0.7552840471178398
future_max_drawdown_126d,2024-12-31,0.7567410124807623
future_max_drawdown_126d,2025-03-31,0.7186381950815487
future_max_drawdown_126d,2025-06-30,0.7546714220249475
future_max_drawdown_126d,2025-09-30,0.7285302625428738
future_max_drawdown_21d,2024-03-31,0.7155510527246735
future_max_drawdown_21d,2024-06-30,0.7504167372465855
future_max_drawdown_21d,2024-09-30,0.7159755795530169
future_max_drawdown_21d,2024-12-31,0.6751558181653043
future_max_drawdown_21d,2025-03-31,0.6985218580587023
future_max_drawdown_21d,2025-06-30,0.7209642055840759
future_max_drawdown_21d,2025-09-30,0.7351530754274529
future_max_drawdown_21d,2025-12-31,0.5066790293234863
future_max_drawdown_63d,2024-03-31,0.8002785132822406
future_max_drawdown_63d,2024-06-30,0.7647105866197998
future_max_drawdown_63d,2024-09-30,0.730381855630791
future_max_drawdown_63d,2024-12-31,0.7282951021795133
future_max_drawdown_63d,2025-03-31,0.7206673649617799
future_max_drawdown_63d,2025-06-30,0.7171438081717385
future_max_drawdown_63d,2025-09-30,0.7466713078103521
future_max_drawdown_63d,2025-12-31,0.6981605476963314
future_worst_five_day_loss_63d,2024-03-31,0.7726385547482773
future_worst_five_day_loss_63d,2024-06-30,0.7626410581353175
future_worst_five_day_loss_63d,2024-09-30,0.7725149187930229
future_worst_five_day_loss_63d,2024-12-31,0.6813059861009245
future_worst_five_day_loss_63d,2025-03-31,0.7460635620861334
future_worst_five_day_loss_63d,2025-06-30,0.7602029459277806
future_worst_five_day_loss_63d,2025-09-30,0.743841145404967
future_worst_five_day_loss_63d,2025-12-31,0.7455966808253449
