model,drawdown_decile,absolute_error
Ridge,1,0.08110923212206649
Ridge,2,0.06302578457395627
Ridge,3,0.05981923667264611
Ridge,4,0.06252262059354269
Ridge,5,0.06645300811501953
Ridge,6,0.07348700990153739
Ridge,7,0.0789986944898248
Ridge,8,0.086982805323408
Ridge,9,0.11506921940969803
Ridge,10,0.2710485334379936
Temporal GraphSAGE,1,0.06295622886445583
Temporal GraphSAGE,2,0.04371091652621451
Temporal GraphSAGE,3,0.04610936919635871
Temporal GraphSAGE,4,0.05477659663706466
Temporal GraphSAGE,5,0.06596208962774068
Temporal GraphSAGE,6,0.0809913297594597
Temporal GraphSAGE,7,0.09251412161647872
Temporal GraphSAGE,8,0.10394639765052453
Temporal GraphSAGE,9,0.12837440912614603
Temporal GraphSAGE,10,0.2616858111960547
XGBoost,1,0.08025328306867469
XGBoost,2,0.06040573693021749
XGBoost,3,0.05702845763783441
XGBoost,4,0.06191420282367883
XGBoost,5,0.06878786060107883
XGBoost,6,0.07886700680552075
XGBoost,7,0.08694936795555841
XGBoost,8,0.09628755444832447
XGBoost,9,0.11600393599417864
XGBoost,10,0.24405906592177817
