predicted_decile,observations,mean_prediction,mean_realized_drawdown,mean_signed_error,mean_absolute_error
1,3046,0.10541834900288971,0.10405347652311873,-0.0013648724797709817,0.046314721745293115
2,3053,0.12788254776929894,0.13101614903777783,0.003133601268478863,0.054018756208868396
3,3049,0.1447041761233948,0.1468035226990148,0.002099346575619992,0.061007683214097226
4,3053,0.16426598593773234,0.16995860404104107,0.0056926181033087496,0.07115468926732381
5,3052,0.19071879612860487,0.19979763566281605,0.009078839534211208,0.08053058765712252
6,3050,0.22447370390423008,0.23292119100771708,0.008447487103487018,0.0923529646411843
7,3052,0.2638500786995513,0.2700743025929717,0.00622422389342044,0.10264158633494633
8,3050,0.31244608712000926,0.3238383399050263,0.011392252785017043,0.11536716331626243
9,3052,0.3740137976204896,0.3919529890969651,0.017939191476475456,0.12690859623159279
10,3054,0.4902657386166798,0.5208963471874309,0.030630608570751113,0.16159520416233855
