model,model_class,feature_group,candidate,alpha,n_estimators,max_depth,min_child_weight,learning_rate,subsample,colsample_bytree,mae,rmse,r2,mean_quarterly_spearman,selected
xgboost_market,xgboost,market,xgboost_01,,234,2,1,0.05,0.8,0.8,0.09484067169053226,0.1312949187981484,0.46885658451346934,0.7485090984784675,True
xgboost_market,xgboost,market,xgboost_02,,337,2,1,0.05,1.0,0.8,0.09486272269651198,0.1314191035720152,0.46785134958872565,0.7480067242468726,False
xgboost_market,xgboost,market,xgboost_03,,234,2,5,0.05,0.8,0.8,0.09484067169053226,0.1312949187981484,0.46885658451346934,0.7485090984784675,False
xgboost_market,xgboost,market,xgboost_04,,337,2,5,0.05,1.0,0.8,0.09486271519678904,0.1314190489795323,0.4678517917057281,0.7480060412028485,False
xgboost_market,xgboost,market,xgboost_05,,176,3,1,0.05,0.8,0.8,0.09497700664253518,0.13167342708523513,0.46578971829978066,0.7486233460335102,False
xgboost_market,xgboost,market,xgboost_06,,184,3,1,0.05,1.0,0.8,0.0950553382958521,0.1316544416904005,0.4659437579138298,0.7486349771994318,False
xgboost_market,xgboost,market,xgboost_07,,176,3,5,0.05,0.8,0.8,0.09503158886952928,0.13167620367210484,0.46576718836453745,0.7486514990902976,False
xgboost_market,xgboost,market,xgboost_08,,184,3,5,0.05,1.0,0.8,0.09505571221985792,0.1316526852684516,0.4659580076700294,0.7486395993554753,False
xgboost_market,xgboost,market,xgboost_09,,93,4,1,0.05,0.8,0.8,0.09534455126468853,0.13174321195937833,0.4652233219211477,0.7487829932658473,False
xgboost_market,xgboost,market,xgboost_10,,111,4,1,0.05,1.0,0.8,0.09506509758331856,0.13159260882644316,0.46644529013597347,0.7495397902289438,False
xgboost_market,xgboost,market,xgboost_11,,98,4,5,0.05,0.8,0.8,0.09534829312541793,0.131768787156456,0.46501567028908297,0.7486968307622484,False
xgboost_market,xgboost,market,xgboost_12,,126,4,5,0.05,1.0,0.8,0.09501413677185379,0.1315902058966078,0.4664647757717826,0.7493854007696333,False
