model,epoch,training_l1,validation_mae
graphsage,1,0.12019079989370178,0.11645153164863586
graphsage,2,0.10169883422991809,0.11118950694799423
graphsage,3,0.09607615935451844,0.10886290669441223
graphsage,4,0.0932291331974899,0.10719423741102219
graphsage,5,0.09131029686507057,0.10564984381198883
graphsage,6,0.08993668941890492,0.10432258248329163
graphsage,7,0.08862167103763889,0.10277923941612244
graphsage,8,0.08773681532372446,0.10140416026115417
graphsage,9,0.08668096023885642,0.10060058534145355
graphsage,10,0.08613248344729929,0.1001020297408104
graphsage,11,0.08562156810041736,0.09975466132164001
graphsage,12,0.08503906176809002,0.09940333664417267
graphsage,13,0.08476220104185973,0.0994134247303009
graphsage,14,0.08448273984386641,0.09910356998443604
graphsage,15,0.08432182581985698,0.09908532351255417
graphsage,16,0.08408458530902863,0.09899347275495529
graphsage,17,0.08381683499935795,0.09898284077644348
graphsage,18,0.08378614693441812,0.09894892573356628
graphsage,19,0.08369432466433328,0.0990133211016655
graphsage,20,0.08358234901200323,0.09884653985500336
graphsage,21,0.0834822947268977,0.09873726218938828
graphsage,22,0.08325066494152826,0.0987200066447258
graphsage,23,0.08309996752616237,0.09850471466779709
graphsage,24,0.0832052871804027,0.09868767857551575
graphsage,25,0.08314125601421385,0.09863969683647156
graphsage,26,0.08299891080926447,0.09856682270765305
graphsage,27,0.08289639640818625,0.09859520196914673
graphsage,28,0.08287725115523618,0.0984516367316246
gat,1,0.151202253120787,0.15037553012371063
gat,2,0.12001064134871259,0.13143855333328247
gat,3,0.10863445129464655,0.12113705277442932
gat,4,0.102457465713515,0.11536497622728348
gat,5,0.0987194671350367,0.11202103644609451
gat,6,0.09630284436485347,0.10974790155887604
gat,7,0.09443183199447744,0.10809845477342606
gat,8,0.09283027776023921,0.10667791217565536
gat,9,0.09207529421238338,0.10553035140037537
gat,10,0.09100537549923449,0.10449341684579849
gat,11,0.09016053444322418,0.1036822572350502
gat,12,0.08952831849455833,0.10291638225317001
gat,13,0.08861699141561985,0.10227803140878677
gat,14,0.0881531634094084,0.10176477581262589
gat,15,0.08764097357497495,0.10112123191356659
gat,16,0.08724268230006975,0.10089607536792755
gat,17,0.08681329536963911,0.10042136162519455
gat,18,0.08645278303062215,0.1001775935292244
gat,19,0.08610281742670957,0.09997152537107468
gat,20,0.0858372109120383,0.09986560791730881
gat,21,0.0856239582028459,0.09981012344360352
gat,22,0.08534388364676167,0.09963778406381607
gat,23,0.08514887258848723,0.0995660126209259
gat,24,0.08491966807666947,0.09950248897075653
gat,25,0.08475572517251267,0.0994451642036438
gat,26,0.08437733801410478,0.09924831241369247
gat,27,0.08438395511578112,0.09930077940225601
gat,28,0.08430504787932425,0.0993679016828537
gat,29,0.08418430322233368,0.0994301363825798
gat,30,0.08404426638256102,0.09938538074493408
gat,31,0.08379053938038208,0.09931334108114243
