boosting_round,training_mae,validation_mae,configuration
1,0.11135517708504772,0.13218766460785644,rate_005_depth_3
2,0.10941731860702696,0.129370877347001,rate_005_depth_3
3,0.10769344503692621,0.12689070367922628,rate_005_depth_3
4,0.1061311744737853,0.12464666402180273,rate_005_depth_3
5,0.10460648704694704,0.12241321939662618,rate_005_depth_3
6,0.10320683594108848,0.12035124185563402,rate_005_depth_3
7,0.10190177673546615,0.1185210999347112,rate_005_depth_3
8,0.1007197591795516,0.11678896042338924,rate_005_depth_3
9,0.09969975215233588,0.11535202704223597,rate_005_depth_3
10,0.0987143762930122,0.11396779865227055,rate_005_depth_3
11,0.09776775361207876,0.11264668498877754,rate_005_depth_3
12,0.09693076982789069,0.11142090258415077,rate_005_depth_3
13,0.09616368515173448,0.11028658786555658,rate_005_depth_3
14,0.09540821350526221,0.10933203698894485,rate_005_depth_3
15,0.09472169725142988,0.10832800385930212,rate_005_depth_3
16,0.09407936061257319,0.10740698499186097,rate_005_depth_3
17,0.09350751396874536,0.10663494873310038,rate_005_depth_3
18,0.09299059431137174,0.1059330713271148,rate_005_depth_3
19,0.09248278843522927,0.10531230109720832,rate_005_depth_3
20,0.0919903342176012,0.10468549216169899,rate_005_depth_3
21,0.09156001025175702,0.10413753488316063,rate_005_depth_3
22,0.09116786742142305,0.10352464621142707,rate_005_depth_3
23,0.09079674146017089,0.10299041047055454,rate_005_depth_3
24,0.09044988783747383,0.10254017707862553,rate_005_depth_3
25,0.0901245088995896,0.1021137767320812,rate_005_depth_3
26,0.08981746438577995,0.10169510255261968,rate_005_depth_3
27,0.08953008120056702,0.10132813542255893,rate_005_depth_3
28,0.08925023022823182,0.1009854749233726,rate_005_depth_3
29,0.08900357926578775,0.10061314072335074,rate_005_depth_3
30,0.08876613379807963,0.10034479332621701,rate_005_depth_3
31,0.08854849605173336,0.10007690941557129,rate_005_depth_3
32,0.0883421285744182,0.0997637093087478,rate_005_depth_3
33,0.08813670983607412,0.09956400598733935,rate_005_depth_3
34,0.0879499048740388,0.09935637639725409,rate_005_depth_3
35,0.08777666762146792,0.09912060612020594,rate_005_depth_3
36,0.08761663348573988,0.09892319987778377,rate_005_depth_3
37,0.08746242520945384,0.09870833633255692,rate_005_depth_3
38,0.08731123408204605,0.09852740511213935,rate_005_depth_3
39,0.08717667471788601,0.09836081676834511,rate_005_depth_3
40,0.08704041920944122,0.09821693361773816,rate_005_depth_3
41,0.08692676010210253,0.0980555958946098,rate_005_depth_3
42,0.08681392299817987,0.0979222616377347,rate_005_depth_3
43,0.08670682498197976,0.09778022579196878,rate_005_depth_3
44,0.08660827291311203,0.09767422794296321,rate_005_depth_3
45,0.08651588795247751,0.09757988973922986,rate_005_depth_3
46,0.08642198505195103,0.0974273640591727,rate_005_depth_3
47,0.08631651971109924,0.09734353070697804,rate_005_depth_3
48,0.08623475363486295,0.09723989626959113,rate_005_depth_3
49,0.08615768118627376,0.09715917560942988,rate_005_depth_3
50,0.08606931135039023,0.09706022957675103,rate_005_depth_3
51,0.0859942057842388,0.09698842439288016,rate_005_depth_3
52,0.08591299912390858,0.09691776101036041,rate_005_depth_3
53,0.08585039864019381,0.09685146690996058,rate_005_depth_3
54,0.08579269225010093,0.09678951647084495,rate_005_depth_3
55,0.0857364846294203,0.09671829126838949,rate_005_depth_3
56,0.08566446725628085,0.09667415362225537,rate_005_depth_3
57,0.08560361672487757,0.09664270725426675,rate_005_depth_3
58,0.08555517431971706,0.09659391806343953,rate_005_depth_3
59,0.08549825916306504,0.09654678729460443,rate_005_depth_3
60,0.08544259560178627,0.09649990016697578,rate_005_depth_3
61,0.08539471781035168,0.09645881567805753,rate_005_depth_3
62,0.08535235616761658,0.09643748948000284,rate_005_depth_3
63,0.08531023392375262,0.09640206380721308,rate_005_depth_3
64,0.08527306532338537,0.09635844502108128,rate_005_depth_3
65,0.08522426891715085,0.09633072104248866,rate_005_depth_3
66,0.0851762455937724,0.09630106421490146,rate_005_depth_3
67,0.08514505035374105,0.09625091035744414,rate_005_depth_3
68,0.08510064317905348,0.09619762954564266,rate_005_depth_3
69,0.0850631073204527,0.09616753526647755,rate_005_depth_3
70,0.08502743319369699,0.09615476025555016,rate_005_depth_3
71,0.08500236644043895,0.09612034858205804,rate_005_depth_3
72,0.08496456456115438,0.09609300182859751,rate_005_depth_3
73,0.08493712537059316,0.09606582250208894,rate_005_depth_3
74,0.08491186780971205,0.09603751259961858,rate_005_depth_3
75,0.08488820675511967,0.09602271592770278,rate_005_depth_3
76,0.08485705194735749,0.09600174694908373,rate_005_depth_3
77,0.0848303448480976,0.09598974629282361,rate_005_depth_3
78,0.08481131549411068,0.09597673371979792,rate_005_depth_3
79,0.08479059860152413,0.09597728255412082,rate_005_depth_3
80,0.08476765742019814,0.09596414704313047,rate_005_depth_3
81,0.0847445927200894,0.09596087468763206,rate_005_depth_3
82,0.084720274851897,0.09586703458840777,rate_005_depth_3
83,0.08469786567958819,0.09582422399545645,rate_005_depth_3
84,0.0846748940708701,0.09580311670998178,rate_005_depth_3
85,0.08465085583333587,0.09575327055453291,rate_005_depth_3
86,0.08463698000338377,0.09573314819614825,rate_005_depth_3
87,0.08461517449870272,0.09573728707703631,rate_005_depth_3
88,0.08458915641161124,0.09572541484400392,rate_005_depth_3
89,0.08455923404445133,0.09570065776666187,rate_005_depth_3
90,0.08453979300804401,0.09569869460699748,rate_005_depth_3
91,0.08451748304998627,0.09569770992060464,rate_005_depth_3
92,0.08449795252262114,0.09568011897056593,rate_005_depth_3
93,0.08448226654513008,0.09568263907868077,rate_005_depth_3
94,0.0844544552537378,0.0956763601848731,rate_005_depth_3
95,0.08443187373754248,0.09567795446369963,rate_005_depth_3
96,0.08440979980672304,0.09567447988095025,rate_005_depth_3
97,0.08439475056828678,0.09567096636279954,rate_005_depth_3
98,0.08437044424906308,0.09564357145210164,rate_005_depth_3
99,0.08435869515189537,0.09564769782739226,rate_005_depth_3
100,0.08434605487913692,0.09564411187004651,rate_005_depth_3
101,0.08433209192726862,0.09560814175929291,rate_005_depth_3
102,0.08431389632644952,0.09557078345300776,rate_005_depth_3
103,0.08429887982257496,0.09551479007639087,rate_005_depth_3
104,0.08427036856381817,0.09551249324424456,rate_005_depth_3
105,0.0842578934766326,0.0955141458021263,rate_005_depth_3
106,0.08424804925523392,0.09550549385213951,rate_005_depth_3
107,0.08423698542670775,0.09549923880364977,rate_005_depth_3
108,0.08422094068153096,0.09548442405499974,rate_005_depth_3
109,0.08421338631005079,0.09547186502553738,rate_005_depth_3
110,0.08420264342564648,0.0954249242631808,rate_005_depth_3
111,0.08419333288717948,0.09540922681955594,rate_005_depth_3
112,0.08417608863773826,0.09542194939284779,rate_005_depth_3
113,0.08416598333334842,0.09543087541794276,rate_005_depth_3
114,0.08415061250868773,0.09541790812845578,rate_005_depth_3
115,0.08414102062110985,0.09540907338914495,rate_005_depth_3
116,0.08412630475722951,0.09540276127724612,rate_005_depth_3
117,0.08411618509700072,0.0953730664974805,rate_005_depth_3
118,0.08409369226664476,0.09534785010335298,rate_005_depth_3
119,0.08408355251631247,0.09535373215107149,rate_005_depth_3
120,0.08406507741459789,0.09535506056820496,rate_005_depth_3
121,0.08405893659877514,0.09533907663564026,rate_005_depth_3
122,0.08404799919882135,0.09531315828742867,rate_005_depth_3
123,0.08404002840662692,0.09530742128922089,rate_005_depth_3
124,0.08402342687486335,0.09526176794236162,rate_005_depth_3
125,0.08400949450106471,0.09525744894752373,rate_005_depth_3
126,0.08399930654865202,0.09524900262501165,rate_005_depth_3
127,0.0839875732967653,0.0952601926056509,rate_005_depth_3
128,0.08398075822115363,0.09525489854478554,rate_005_depth_3
129,0.08396465504461298,0.09524240526075474,rate_005_depth_3
130,0.08395016972312039,0.09521604225697387,rate_005_depth_3
131,0.08394109930061981,0.09521280816656023,rate_005_depth_3
132,0.08392697332174708,0.09517015138374478,rate_005_depth_3
133,0.08391608878928136,0.09516614461802814,rate_005_depth_3
134,0.08391214198903456,0.09513566199001108,rate_005_depth_3
135,0.08390511608277448,0.09513725632211693,rate_005_depth_3
136,0.08388831071277131,0.09512618770162219,rate_005_depth_3
137,0.08388008009735502,0.09513221025393707,rate_005_depth_3
138,0.08386995492428882,0.09513101010445567,rate_005_depth_3
139,0.0838615003602465,0.09513473565914495,rate_005_depth_3
140,0.08385535529824704,0.09514108389041348,rate_005_depth_3
141,0.08384455550722045,0.09512731489202772,rate_005_depth_3
142,0.08382542782598501,0.09511788515029315,rate_005_depth_3
143,0.08381786913673596,0.09511454288567808,rate_005_depth_3
144,0.08380891026418652,0.09509828662030176,rate_005_depth_3
145,0.08380352176582079,0.0951042977430108,rate_005_depth_3
146,0.08379160610128221,0.09511005145575721,rate_005_depth_3
147,0.0837853376624806,0.09509793016357532,rate_005_depth_3
148,0.08377614013153786,0.0950964336223456,rate_005_depth_3
149,0.08376683776005459,0.09507437050505532,rate_005_depth_3
150,0.08376211460504837,0.09507008239229232,rate_005_depth_3
151,0.08375092292808368,0.0950550611382497,rate_005_depth_3
152,0.0837423107695551,0.0950361189425798,rate_005_depth_3
153,0.0837365168298061,0.09504836697900122,rate_005_depth_3
154,0.08373404175326345,0.09505030519667115,rate_005_depth_3
155,0.08372597333415377,0.09503144585034928,rate_005_depth_3
156,0.08372356218474943,0.09503234764564818,rate_005_depth_3
157,0.08371388696852661,0.09502389383181249,rate_005_depth_3
158,0.0837043274621539,0.09502314929952571,rate_005_depth_3
159,0.08370191274060448,0.0950192450621573,rate_005_depth_3
160,0.08369862953252291,0.09501666040495108,rate_005_depth_3
161,0.08369090825349625,0.09501201152447489,rate_005_depth_3
162,0.08368246843969679,0.09500041155680876,rate_005_depth_3
163,0.08368179735840135,0.09499855188652623,rate_005_depth_3
164,0.0836731655369148,0.09498736314798471,rate_005_depth_3
165,0.08366956734825738,0.09498689928866681,rate_005_depth_3
166,0.08366073510536433,0.09499283478657873,rate_005_depth_3
167,0.0836585893322541,0.09499044265828226,rate_005_depth_3
168,0.08365111259433594,0.0949878072916964,rate_005_depth_3
169,0.08364116351843341,0.09499086772624103,rate_005_depth_3
170,0.0836317137973357,0.09499609557494795,rate_005_depth_3
171,0.08363134381378497,0.09499862356025408,rate_005_depth_3
172,0.08362412995492151,0.09499080632263558,rate_005_depth_3
173,0.08361199327757732,0.094992543471159,rate_005_depth_3
174,0.08360927664236124,0.09499246293964958,rate_005_depth_3
175,0.08360099854749702,0.0949840787924783,rate_005_depth_3
176,0.08358803397646813,0.09497700666582272,rate_005_depth_3
177,0.08358459314179065,0.09498504110368645,rate_005_depth_3
178,0.08357634298700992,0.0949927537568763,rate_005_depth_3
179,0.08356756775814245,0.09500712625705421,rate_005_depth_3
180,0.08356188407339611,0.09500353624646826,rate_005_depth_3
181,0.08355812964307048,0.09500539647787609,rate_005_depth_3
182,0.08355246069737227,0.09499840035662005,rate_005_depth_3
183,0.08355356175136641,0.09501034795933563,rate_005_depth_3
184,0.08354999656299528,0.09502126200585707,rate_005_depth_3
185,0.0835477700742488,0.09501429949119247,rate_005_depth_3
186,0.0835455828301661,0.09502192742499273,rate_005_depth_3
187,0.08354067136146595,0.0950459791348638,rate_005_depth_3
188,0.08353701838635555,0.09504591844607882,rate_005_depth_3
189,0.08353141736284304,0.09503936188099667,rate_005_depth_3
190,0.08352937479692477,0.09504239850708013,rate_005_depth_3
191,0.08352200297929462,0.09505113799725194,rate_005_depth_3
192,0.08351724898958231,0.0950514314034777,rate_005_depth_3
193,0.0835136966876804,0.09504468175287357,rate_005_depth_3
194,0.08351181533344323,0.09504272518743435,rate_005_depth_3
195,0.08350103743562552,0.0950377752149706,rate_005_depth_3
196,0.08350352156811051,0.09505234473945415,rate_005_depth_3
197,0.08349515633140826,0.09505734345999163,rate_005_depth_3
198,0.08349033734019369,0.09506645824871521,rate_005_depth_3
199,0.08349108040029332,0.0950727883897103,rate_005_depth_3
200,0.08348808572915786,0.0950746258215793,rate_005_depth_3
201,0.08348286015529847,0.09507346773217486,rate_005_depth_3
202,0.08347970664660925,0.09507135706412763,rate_005_depth_3
203,0.08347371680773727,0.0950777186622382,rate_005_depth_3
204,0.08346547437311369,0.09508239231960564,rate_005_depth_3
205,0.08346511462636977,0.0950845505642083,rate_005_depth_3
206,0.08346287157813596,0.09508085031682159,rate_005_depth_3
1,0.10941088695590585,0.12976487187563626,rate_010_depth_3
2,0.10589058245419627,0.12455107770064891,rate_010_depth_3
3,0.10305220743826798,0.12043259635608784,rate_010_depth_3
4,0.10061034624097828,0.11693084640369503,rate_010_depth_3
5,0.09845518323874418,0.11374429445214813,rate_010_depth_3
6,0.09664604826390476,0.11112751042289061,rate_010_depth_3
7,0.09509921039474704,0.10902924158946753,rate_010_depth_3
8,0.09380926324115373,0.10727054401098887,rate_010_depth_3
9,0.09272763924222176,0.10569277814547946,rate_010_depth_3
10,0.09181716957395993,0.10436102855077566,rate_010_depth_3
11,0.09098615698801835,0.10329186752376365,rate_010_depth_3
12,0.09029288176399033,0.10232526943115659,rate_010_depth_3
13,0.08965576697827693,0.10153397427778302,rate_010_depth_3
14,0.08909446807868562,0.10079182493092355,rate_010_depth_3
15,0.08860335093581993,0.1001441271910197,rate_010_depth_3
16,0.08818215650274697,0.09956169283504678,rate_010_depth_3
17,0.0878066886378756,0.09902403491884791,rate_010_depth_3
18,0.08752440232728334,0.09870652771000908,rate_010_depth_3
19,0.08725509691678224,0.09839544753794884,rate_010_depth_3
20,0.08699009500932592,0.09801368564023799,rate_010_depth_3
21,0.08676495844133139,0.09778547314329,rate_010_depth_3
22,0.08654979116143174,0.09754089554371873,rate_010_depth_3
23,0.08635013357215081,0.09732059825503608,rate_010_depth_3
24,0.08619979691281321,0.09714857698189412,rate_010_depth_3
25,0.08605490972140172,0.09698436957648479,rate_010_depth_3
26,0.08589558601491341,0.09678022477821946,rate_010_depth_3
27,0.08575785194846633,0.09663117549779927,rate_010_depth_3
28,0.08564150384900343,0.09649180857255817,rate_010_depth_3
29,0.08554263136628938,0.09640903130142593,rate_010_depth_3
30,0.08543226960340015,0.09632138263994294,rate_010_depth_3
31,0.08534390674894134,0.09625991045809888,rate_010_depth_3
32,0.08525584194024634,0.09613926911585936,rate_010_depth_3
33,0.08517979374994933,0.09611422161468006,rate_010_depth_3
34,0.0850907948866216,0.09609851740307676,rate_010_depth_3
35,0.08502653172171455,0.09604487806392628,rate_010_depth_3
36,0.08496443750570667,0.09603062414797743,rate_010_depth_3
37,0.08490401799966871,0.09595096755024662,rate_010_depth_3
38,0.08484618761402359,0.09589303876233844,rate_010_depth_3
39,0.08480547107818431,0.09586068255901296,rate_010_depth_3
40,0.08476323247276787,0.09580852618389085,rate_010_depth_3
41,0.0847243846346702,0.09577885396071034,rate_010_depth_3
42,0.08468464936306419,0.0957806176370716,rate_010_depth_3
43,0.08462575549637108,0.09575355220621164,rate_010_depth_3
44,0.08457174303734288,0.09572820415122862,rate_010_depth_3
45,0.08453198192222947,0.09570445452634632,rate_010_depth_3
46,0.08448054596293977,0.0957000407399448,rate_010_depth_3
47,0.08445302981760296,0.09568672941734134,rate_010_depth_3
48,0.08440049951577608,0.09559557695986785,rate_010_depth_3
49,0.08437809798264312,0.09557072423159803,rate_010_depth_3
50,0.08433671929851927,0.09555680988094964,rate_010_depth_3
51,0.0842904109054322,0.09550542975034375,rate_010_depth_3
52,0.08426146735786937,0.09544921040558542,rate_010_depth_3
53,0.08422705881645047,0.09537701940582433,rate_010_depth_3
54,0.08421134322905412,0.0953637257718309,rate_010_depth_3
55,0.08417562922452995,0.09538338955257102,rate_010_depth_3
56,0.08415343819201124,0.09532507698579787,rate_010_depth_3
57,0.08414411229409086,0.09533398857846433,rate_010_depth_3
58,0.08411451679740344,0.09535752477640579,rate_010_depth_3
59,0.0840888964983153,0.09535049513982265,rate_010_depth_3
60,0.0840591499665066,0.09528480131637422,rate_010_depth_3
61,0.08403561292100849,0.09526401494442514,rate_010_depth_3
62,0.0840306627883566,0.09528145753912781,rate_010_depth_3
63,0.08400293258262886,0.09524403725507415,rate_010_depth_3
64,0.0839838281599693,0.09525300381833787,rate_010_depth_3
65,0.0839622543491994,0.0952101674086083,rate_010_depth_3
66,0.08393774177288994,0.09518196450694062,rate_010_depth_3
67,0.08392370945971002,0.09516587570637589,rate_010_depth_3
68,0.08390899115495518,0.0951892417495894,rate_010_depth_3
69,0.08387786499892488,0.09516692193189172,rate_010_depth_3
70,0.08386181540901394,0.09511414347541178,rate_010_depth_3
71,0.08385101949567055,0.09511476960925763,rate_010_depth_3
72,0.08384774003707435,0.09511215574858864,rate_010_depth_3
73,0.08383497621574071,0.09512830116789948,rate_010_depth_3
74,0.08382640418472559,0.09513214630383067,rate_010_depth_3
75,0.08381273562979809,0.09514835568039362,rate_010_depth_3
76,0.08379480822691925,0.09511126329472218,rate_010_depth_3
77,0.0837785155304214,0.09508775202611351,rate_010_depth_3
78,0.08377763164537463,0.09509063970376805,rate_010_depth_3
79,0.08377134248366583,0.09509313670746096,rate_010_depth_3
80,0.08376640926307534,0.0950940417738596,rate_010_depth_3
81,0.08375675255768522,0.09511860544675592,rate_010_depth_3
82,0.08374222951870797,0.09513689649400027,rate_010_depth_3
83,0.083732910474827,0.09513322869911219,rate_010_depth_3
84,0.08371158038265318,0.09512623788648257,rate_010_depth_3
85,0.08369811552879965,0.0951252098756004,rate_010_depth_3
86,0.08367745226030907,0.09510758430841819,rate_010_depth_3
87,0.08367327179015922,0.09509985299618244,rate_010_depth_3
88,0.08365801875134085,0.09508650168487676,rate_010_depth_3
89,0.08364261728180315,0.0950795112316632,rate_010_depth_3
90,0.08362303974721551,0.09507300149534549,rate_010_depth_3
91,0.08361243623629415,0.09508586698572148,rate_010_depth_3
92,0.08359996062235396,0.09508599310653024,rate_010_depth_3
93,0.0835884987061846,0.09508503549167507,rate_010_depth_3
94,0.08357436201794864,0.09511999735291027,rate_010_depth_3
95,0.08355948073894308,0.0951505877712669,rate_010_depth_3
96,0.08355285764047372,0.09515635506096394,rate_010_depth_3
97,0.08355107839652459,0.09515544703047984,rate_010_depth_3
98,0.08353154501401941,0.09513508078141615,rate_010_depth_3
99,0.08353284966824456,0.09516490511882031,rate_010_depth_3
100,0.08353228729963567,0.09519863934521279,rate_010_depth_3
101,0.08352793693122858,0.09520623543377334,rate_010_depth_3
102,0.08351779813214821,0.09519719939427178,rate_010_depth_3
103,0.08351181314712869,0.09519802598561754,rate_010_depth_3
104,0.08348861588896658,0.09519643248517058,rate_010_depth_3
105,0.08348263855636398,0.09519123518244003,rate_010_depth_3
106,0.08347402235779838,0.09519250878705915,rate_010_depth_3
107,0.08346889542030678,0.0952113137883457,rate_010_depth_3
108,0.08345928439775939,0.09520732542555811,rate_010_depth_3
109,0.08345974175796683,0.09519931799667587,rate_010_depth_3
110,0.08345131134865132,0.09519115793356377,rate_010_depth_3
111,0.08344988948330732,0.09520242975287362,rate_010_depth_3
112,0.08343269353414123,0.09523357027059233,rate_010_depth_3
113,0.0834223448015264,0.09522746385311211,rate_010_depth_3
114,0.08341237531642515,0.09522166812529409,rate_010_depth_3
115,0.08341474325488756,0.09521421389061312,rate_010_depth_3
116,0.08340704853333389,0.09520939904216089,rate_010_depth_3
117,0.08340315452555234,0.09520255269347089,rate_010_depth_3
118,0.08338849060770061,0.09519879500483067,rate_010_depth_3
119,0.08338561348813045,0.09520712550185437,rate_010_depth_3
120,0.0833801034750209,0.09518181015849554,rate_010_depth_3
1,0.10927200902494527,0.12945669353748415,rate_010_depth_4
2,0.10560785689299418,0.12404668951568291,rate_010_depth_4
3,0.1026409950383804,0.11972507467847691,rate_010_depth_4
4,0.10007482380820386,0.11599036147182379,rate_010_depth_4
5,0.09785180236586631,0.11287827491469411,rate_010_depth_4
6,0.09596301554473625,0.1101412628485856,rate_010_depth_4
7,0.09436633969044264,0.10792509256852702,rate_010_depth_4
8,0.09303682906714796,0.10609838394890693,rate_010_depth_4
9,0.09191626668766752,0.10453093747500175,rate_010_depth_4
10,0.0909736136295036,0.10326994352843996,rate_010_depth_4
11,0.0901208673737485,0.1021026411253108,rate_010_depth_4
12,0.0894375310717235,0.10110124868542249,rate_010_depth_4
13,0.08877839922221006,0.10032004345449605,rate_010_depth_4
14,0.08819754897294797,0.0996385994671307,rate_010_depth_4
15,0.08773124414463766,0.09903626484581532,rate_010_depth_4
16,0.08730371553827622,0.09843795768340438,rate_010_depth_4
17,0.08694201119162184,0.09803216343702716,rate_010_depth_4
18,0.08665413066000655,0.09771710169084269,rate_010_depth_4
19,0.08639661843622158,0.09743836880828907,rate_010_depth_4
20,0.08612143867415802,0.09711800154405353,rate_010_depth_4
21,0.08590200553749731,0.09689135653683749,rate_010_depth_4
22,0.08569916085822787,0.09667072108065312,rate_010_depth_4
23,0.08551366007563437,0.09653979852163269,rate_010_depth_4
24,0.08536590547711236,0.09632299851369414,rate_010_depth_4
25,0.08521878945683252,0.09619849452781239,rate_010_depth_4
26,0.08509054499581195,0.0960611999359572,rate_010_depth_4
27,0.08493873128940074,0.09592219038484981,rate_010_depth_4
28,0.0848196125498241,0.0958078448215758,rate_010_depth_4
29,0.08472490520013583,0.09576153584455963,rate_010_depth_4
30,0.08461241239424677,0.09571105110106634,rate_010_depth_4
31,0.08451647616842747,0.09558760243140664,rate_010_depth_4
32,0.08441471049034695,0.09554423676744286,rate_010_depth_4
33,0.08434596085882365,0.09551732971921297,rate_010_depth_4
34,0.08426502702259957,0.09546921687078562,rate_010_depth_4
35,0.08421065126565747,0.09540168812711819,rate_010_depth_4
36,0.08414368081958176,0.09541513967989816,rate_010_depth_4
37,0.08409439977056668,0.09537520124815803,rate_010_depth_4
38,0.08403409169937265,0.09532864674409809,rate_010_depth_4
39,0.08398455337186249,0.0952783792923651,rate_010_depth_4
40,0.08394486369284915,0.0952383153448186,rate_010_depth_4
41,0.08389995429347094,0.09525024240440605,rate_010_depth_4
42,0.08385585883792836,0.09522292354975438,rate_010_depth_4
43,0.08381100220964911,0.09525449864297046,rate_010_depth_4
44,0.08376779153840383,0.09527226614551829,rate_010_depth_4
45,0.08373030763801947,0.09527851940307058,rate_010_depth_4
46,0.08370212056110181,0.09529404498013418,rate_010_depth_4
47,0.08367127152413573,0.09528411244142383,rate_010_depth_4
48,0.08362991431675838,0.09527484721959596,rate_010_depth_4
49,0.08361503636529885,0.09526601534834246,rate_010_depth_4
50,0.08357963324997418,0.09525775965059978,rate_010_depth_4
51,0.08354728862889045,0.09522466429720208,rate_010_depth_4
52,0.08351957330334882,0.09523215987513373,rate_010_depth_4
53,0.08349078646856616,0.09519827352448855,rate_010_depth_4
54,0.0834720575474708,0.09519321950427563,rate_010_depth_4
55,0.08344060986176152,0.09520934434159577,rate_010_depth_4
56,0.0834169225943256,0.09520506685598933,rate_010_depth_4
57,0.08339180604081772,0.09520990063000943,rate_010_depth_4
58,0.0833773052391973,0.09526328579832943,rate_010_depth_4
59,0.08335445494091903,0.09528612232003458,rate_010_depth_4
60,0.08333051010687395,0.09529856028194995,rate_010_depth_4
61,0.08331236122245492,0.09528203044003454,rate_010_depth_4
62,0.08329771392024474,0.09528372981414442,rate_010_depth_4
63,0.08328080709180635,0.09529678529294663,rate_010_depth_4
64,0.08326955896521754,0.09522916984288424,rate_010_depth_4
65,0.08324535469865302,0.09525055056938049,rate_010_depth_4
66,0.08322894544198636,0.09525281175640574,rate_010_depth_4
67,0.08321068279743758,0.09525953209109636,rate_010_depth_4
68,0.08320151583225634,0.0952773786664284,rate_010_depth_4
69,0.08318720187703653,0.09528493175268282,rate_010_depth_4
70,0.08316752245199303,0.09528676225899194,rate_010_depth_4
71,0.08315717030769106,0.095286995102548,rate_010_depth_4
72,0.08314952774928976,0.09529097882765253,rate_010_depth_4
73,0.08313556432339045,0.09529024901098952,rate_010_depth_4
74,0.08313074451480942,0.0952929911937182,rate_010_depth_4
75,0.08312388020945832,0.09526931994397438,rate_010_depth_4
76,0.08310902061765736,0.09525010751595181,rate_010_depth_4
77,0.08309370743546242,0.09526167397844525,rate_010_depth_4
78,0.08308920197757258,0.09526996130793425,rate_010_depth_4
79,0.08307938306684784,0.09528528549905872,rate_010_depth_4
80,0.08307584953410026,0.09528883611303245,rate_010_depth_4
81,0.08306476844457987,0.09530774278706397,rate_010_depth_4
82,0.08305092661440568,0.09531714529867652,rate_010_depth_4
83,0.08304579419060398,0.0954115955395503,rate_010_depth_4
84,0.08304059778502944,0.09541508269634538,rate_010_depth_4
